ETossed,2saint,aklo,albert,amsa,android 0,aura,axe,ben,billybopeep,bobby big ballz,bones,captain smuckers,chem,colbol,dacky,drephen,eddy mexico,eggy,faceroll,far!,fatgoku,fiction,fizz,flash,free palestine,frenzy,gahtzu,ginger,hungrybox,ibdw,ice,jah ridin',jflex,jmook,juicebox,justus,kalamazhu,kalvar,khryke,kjh,kodorin,krudo,kürv,leffen,llod,logan,lucky,luigi ka-master,magi,mang0,medz,mekk,mew2king,michael,moky,morsecode762,mot$,n0ne/ bond / wizzyfan109,nicki,nofluxes,null,nut,palpa,panda,pappi,pipsqueak,plup,polish,professor pro,ringler,rishi,rocky,ryobeat,s2j,sdj,secrets,sfat,sfop,shroomed,skerzo,slowking,slug,smashdaddy,sock,sora/joshman,spark,swift,tai,theswooper,trif,wally,warmmer,wizzrobe,zain,zamu,zealot,zuppy,
2saint,N/A,0-1,0-0,0-0,0-0,0-0,0-1,0-0,0-0,0-0,0-0,0-0,0-0,0-1,0-0,0-0,0-0,0-0,0-0,0-0,0-0,0-0,0-0,0-0,0-0,0-0,0-0,0-0,0-1,0-2,0-0,0-0,0-1,0-1,0-0,0-0,0-0,0-0,0-0,0-0,0-0,0-0,0-0,0-0,0-0,0-1,0-0,0-1,0-0,0-0,0-0,0-0,0-0,0-0,0-1,0-0,0-0,1-0,0-0,0-0,0-0,0-0,0-0,0-0,0-0,0-0,0-1,0-0,0-0,0-0,0-0,0-0,0-0,0-0,0-0,0-0,0-0,0-0,0-0,0-0,0-0,0-1,0-0,0-0,0-0,0-0,0-0,0-0,1-0,0-0,0-0,0-0,0-0,0-0,0-0,0-0,0-0,
aklo,1-0,N/A,0-0,0-1,0-0,0-0,1-0,0-0,0-0,0-0,0-0,2-0,0-0,1-0,0-0,0-0,0-0,0-0,0-0,0-0,0-0,0-0,0-0,0-0,0-0,0-0,0-1,1-0,0-0,0-0,0-1,0-0,0-0,0-0,0-0,0-0,0-0,0-0,0-0,0-0,0-0,0-0,0-0,0-0,0-0,0-1,0-0,0-0,0-0,0-0,0-0,0-0,0-0,0-0,0-0,0-0,0-0,1-1,0-0,0-0,0-0,0-0,0-0,0-0,0-0,0-0,0-1,0-0,0-0,0-0,2-0,0-0,0-0,0-0,0-0,0-0,1-1,0-0,0-0,0-0,0-0,1-0,0-0,0-0,0-0,0-0,0-0,0-0,0-0,0-1,0-0,1-1,0-2,0-1,1-0,0-0,0-0,
albert,0-0,0-0,N/A,0-0,1-0,0-1,0-0,0-0,0-0,0-0,0-0,0-0,0-0,0-0,1-0,0-0,1-0,0-0,0-2,0-0,1-0,0-0,0-0,0-0,0-0,1-0,0-0,0-0,0-0,0-1,0-0,0-0,0-0,0-0,0-0,1-0,0-0,0-0,0-0,0-0,0-0,0-0,1-0,0-0,0-0,0-0,0-0,0-0,0-0,0-0,0-0,0-0,0-0,0-0,0-0,0-0,0-0,0-0,0-0,0-0,0-0,0-0,0-1,0-0,1-0,0-0,0-0,0-0,0-0,0-0,0-0,0-0,0-0,0-1,0-1,1-0,0-1,1-0,0-0,0-0,0-0,0-0,0-0,0-0,0-0,0-0,0-0,0-0,0-0,0-0,0-0,0-0,0-0,0-0,0-0,0-0,0-0,
amsa,0-0,1-0,0-0,N/A,0-0,0-0,0-1,0-0,0-0,0-0,0-0,0-0,0-0,0-0,0-0,0-0,0-0,0-0,0-0,1-0,0-0,0-0,0-0,0-0,1-0,0-0,1-0,0-0,1-1,0-1,0-0,0-0,0-0,1-0,0-0,0-0,1-0,0-0,0-0,0-0,0-0,0-0,0-0,0-0,1-0,0-0,0-0,0-0,0-0,2-0,0-0,0-0,0-0,0-0,0-0,0-0,0-0,1-0,0-0,0-0,0-0,0-0,0-0,0-0,0-0,0-0,0-1,0-0,0-0,0-0,0-0,0-0,0-0,0-0,0-0,0-0,1-0,0-0,0-0,0-0,0-0,0-0,0-0,0-0,0-0,0-0,0-0,0-0,0-0,0-1,0-0,0-0,0-1,0-1,0-0,0-0,0-0,
android 0,0-0,0-0,0-1,0-0,N/A,0-1,0-1,0-0,0-0,0-1,0-0,0-0,0-0,0-0,0-0,0-0,0-1,0-0,0-0,0-0,0-0,1-1,0-0,0-0,0-0,0-0,0-0,0-0,0-0,0-0,0-0,0-0,0-0,0-0,0-0,0-0,0-0,0-0,0-0,0-0,0-0,0-1,0-0,0-0,0-0,0-0,0-1,0-0,0-0,0-0,0-0,0-0,0-0,0-0,0-0,0-0,0-0,0-0,0-0,0-0,1-0,1-0,0-0,0-0,0-0,0-0,0-0,0-0,0-0,0-0,0-0,0-2,0-0,0-1,0-1,1-0,0-0,0-0,1-0,0-0,0-0,0-0,0-0,0-0,0-0,0-0,0-0,0-0,0-0,0-0,0-0,0-0,0-0,0-0,0-0,0-0,0-0,
aura,0-0,0-0,1-0,0-0,1-0,N/A,0-0,0-0,0-0,0-0,0-0,0-0,0-0,0-0,0-0,0-1,0-0,0-0,0-0,0-0,0-0,0-0,0-0,0-0,0-0,0-1,0-1,0-0,0-0,0-0,0-0,0-0,0-0,0-0,0-0,0-0,0-0,0-0,0-0,0-0,0-1,0-0,0-0,0-0,0-0,0-0,0-0,0-0,0-0,0-0,0-1,0-0,0-1,0-0,0-0,0-0,0-0,0-0,0-0,0-0,0-0,0-0,0-0,0-0,0-0,0-0,0-0,0-0,0-0,0-0,0-0,0-0,0-0,0-1,0-0,0-0,0-0,0-0,0-0,0-0,0-0,0-0,0-0,0-0,0-0,0-0,0-0,0-0,0-0,0-0,0-0,0-0,0-1,0-0,0-0,0-0,0-0,
axe,1-0,0-1,0-0,1-0,1-0,0-0,N/A,1-0,0-0,1-0,0-0,0-0,0-0,0-0,0-0,0-0,0-0,0-0,2-0,0-0,0-0,0-0,0-0,0-0,0-0,0-0,0-0,0-2,0-0,0-2,0-0,0-0,1-0,0-0,0-0,0-0,0-0,0-0,0-0,0-0,2-0,1-0,1-0,0-0,0-0,2-0,0-0,0-0,0-0,0-0,0-0,0-0,0-0,0-0,0-0,0-0,1-0,0-0,0-0,2-0,0-0,0-0,0-0,0-0,0-0,0-0,0-1,0-0,0-0,0-0,0-0,0-0,0-0,0-0,0-0,0-1,0-1,1-0,0-0,0-0,0-0,0-0,0-0,0-0,0-1,0-0,0-0,0-0,0-0,0-1,1-0,0-0,0-2,0-0,1-0,1-0,0-0,
ben,0-0,0-0,0-0,0-0,0-0,0-0,0-1,N/A,0-0,0-0,0-0,0-0,0-0,0-0,0-0,2-0,0-0,0-0,0-1,0-0,0-0,0-0,0-0,0-0,0-0,0-0,0-1,0-3,0-1,0-0,0-0,0-0,1-0,0-0,0-0,0-0,0-0,0-0,0-0,0-0,0-0,0-0,0-0,0-0,0-1,0-1,0-0,0-0,1-0,0-0,0-0,0-0,0-0,0-0,0-0,0-0,0-0,0-1,0-0,0-0,0-0,0-0,0-0,0-0,0-0,0-0,0-0,1-0,0-0,0-0,0-0,0-0,0-0,0-0,0-0,0-0,0-0,0-0,0-0,0-0,0-0,0-0,0-0,0-0,0-1,0-0,1-0,0-0,0-0,0-1,1-0,0-0,1-0,0-0,1-1,0-0,0-0,
billybopeep,0-0,0-0,0-0,0-0,0-0,0-0,0-0,0-0,N/A,0-0,0-0,0-0,0-0,0-0,0-0,0-0,0-0,0-0,0-1,0-0,0-0,0-0,0-0,0-0,0-0,0-0,0-0,0-0,0-0,0-0,0-0,0-0,0-0,0-0,0-0,0-0,0-0,0-0,0-0,0-0,0-0,0-0,0-0,0-0,0-0,0-0,0-0,0-0,0-0,0-0,0-1,0-0,0-0,0-0,0-0,0-0,0-0,0-0,0-0,0-0,0-0,0-0,0-0,0-0,0-0,0-0,0-1,0-0,0-0,0-0,0-0,0-0,0-0,0-0,0-0,0-0,0-0,0-0,0-0,0-0,0-0,0-0,0-0,0-0,0-0,0-0,0-0,0-1,0-0,0-0,0-0,0-0,0-0,0-0,0-0,0-0,0-0,
bobby big ballz,0-0,0-0,0-0,0-0,1-0,0-0,0-1,0-0,0-0,N/A,0-0,0-0,0-0,0-0,0-0,0-0,0-0,1-0,0-0,0-0,0-0,0-1,0-0,0-0,0-0,0-0,0-1,0-0,0-0,0-0,0-0,0-0,0-0,0-0,0-0,0-0,0-0,0-0,0-0,0-0,0-0,0-0,0-0,0-0,0-0,0-1,0-0,0-0,0-0,0-0,0-1,0-0,0-0,0-0,0-0,0-0,0-0,0-0,0-0,0-0,0-0,0-0,0-0,0-0,0-0,0-0,0-0,0-0,0-0,0-0,0-0,0-0,0-0,0-0,1-0,0-0,0-1,0-0,1-0,0-1,0-0,0-0,0-0,0-0,0-0,0-0,0-0,0-1,0-0,0-0,0-0,0-0,0-0,0-0,0-1,0-1,0-0,
bones,0-0,0-0,0-0,0-0,0-0,0-0,0-0,0-0,0-0,0-0,N/A,0-0,0-0,0-0,0-0,0-0,0-0,0-0,0-0,0-0,0-0,0-0,0-0,0-0,0-0,0-0,0-0,0-0,0-0,0-0,0-0,0-0,0-0,0-0,0-0,0-0,0-0,0-0,0-1,0-0,0-0,0-0,0-0,0-0,0-0,0-0,0-0,0-0,0-0,0-0,0-0,0-0,0-0,0-0,0-0,0-0,0-0,0-0,0-0,0-0,0-0,0-0,0-0,0-0,0-0,0-0,0-0,0-0,0-0,0-0,0-0,0-0,0-0,0-0,0-0,0-0,0-0,0-0,0-0,0-1,0-0,0-0,0-0,0-0,0-0,0-0,0-0,0-0,0-0,0-0,1-0,0-0,0-0,0-0,0-0,0-0,0-0,
captain smuckers,0-0,0-2,0-0,0-0,0-0,0-0,0-0,0-0,0-0,0-0,0-0,N/A,0-0,0-0,0-0,0-0,0-0,0-0,0-0,0-0,0-0,0-0,0-0,0-0,0-0,0-0,0-0,0-0,0-0,0-0,0-0,0-0,0-0,0-0,0-0,0-0,0-0,0-0,0-0,0-0,0-0,0-0,0-0,0-0,0-0,0-0,0-0,0-0,0-0,0-0,0-0,0-0,0-0,0-0,0-0,0-0,0-0,0-0,0-0,0-0,0-0,0-0,0-0,0-0,0-0,0-0,0-0,0-0,0-0,0-0,0-0,0-0,0-0,0-0,0-0,0-0,0-0,0-0,0-0,0-0,0-0,0-0,0-0,0-0,0-0,0-0,0-0,0-0,1-0,0-0,0-0,0-0,0-0,0-0,0-0,0-0,0-0,
chem,0-0,0-0,0-0,0-0,0-0,0-0,0-0,0-0,0-0,0-0,0-0,0-0,N/A,0-0,0-0,0-0,0-0,1-0,0-0,0-0,0-0,0-0,0-0,0-0,1-0,0-0,0-1,0-0,0-0,0-0,0-0,0-0,0-0,0-1,0-0,0-0,0-0,0-0,0-0,0-0,0-0,0-0,0-0,0-0,0-0,0-0,0-0,0-0,0-0,0-0,0-0,0-0,0-0,0-0,0-0,0-0,1-1,0-0,0-0,0-0,0-0,0-0,0-0,0-0,0-0,0-0,0-0,0-0,0-0,0-0,0-0,0-0,0-0,0-0,0-0,0-0,0-0,0-0,0-0,1-0,0-0,0-0,0-0,0-0,0-0,0-0,0-0,0-0,0-0,0-0,0-0,0-1,0-0,0-0,0-0,0-0,0-0,
colbol,1-0,0-1,0-0,0-0,0-0,0-0,0-0,0-0,0-0,0-0,0-0,0-0,0-0,N/A,0-0,1-0,0-0,0-0,0-0,0-0,0-0,1-0,0-0,0-0,0-0,0-0,0-0,1-0,0-0,0-1,0-0,0-0,0-0,0-0,0-0,0-0,0-0,0-0,0-0,0-0,0-0,0-0,0-0,0-0,0-0,1-0,0-0,0-0,0-0,0-0,0-0,0-0,0-0,0-0,0-0,0-0,0-0,0-0,0-0,0-0,0-0,0-0,0-0,0-0,0-0,0-1,0-0,0-1,0-0,0-0,0-0,0-0,0-0,0-0,0-0,0-0,0-0,0-0,0-0,0-0,0-0,0-0,0-0,0-0,0-0,1-0,0-0,0-0,1-0,0-0,0-0,0-0,0-1,0-1,0-0,0-0,0-0,
dacky,0-0,0-0,0-1,0-0,0-0,0-0,0-0,0-0,0-0,0-0,0-0,0-0,0-0,0-0,N/A,0-0,0-0,0-0,0-0,0-0,0-0,0-0,0-0,0-0,0-0,0-0,0-0,0-0,0-0,0-1,0-0,0-0,0-0,0-0,0-0,0-0,1-0,0-0,0-0,0-0,0-1,0-0,0-0,0-0,0-0,0-0,0-1,0-0,0-0,0-0,0-0,0-0,0-0,0-0,0-0,0-0,1-0,0-0,0-0,0-0,0-0,0-0,0-0,0-0,0-0,0-0,0-0,0-0,0-0,0-0,0-0,0-1,0-0,0-0,0-0,0-0,0-0,0-0,0-0,0-0,0-0,0-0,0-0,0-0,0-0,0-0,0-0,0-0,0-0,0-0,0-0,0-0,0-0,0-0,0-0,0-0,0-1,
drephen,0-0,0-0,0-0,0-0,0-0,1-0,0-0,0-2,0-0,0-0,0-0,0-0,0-0,0-1,0-0,N/A,0-0,0-0,0-0,0-0,0-0,0-0,0-0,0-0,0-0,0-0,0-0,0-1,0-0,0-0,0-0,0-0,0-0,0-0,0-0,0-0,0-0,0-0,0-0,0-2,0-0,0-0,0-0,0-0,0-1,0-0,0-0,0-0,0-0,0-0,0-0,0-0,0-0,0-0,0-0,1-0,0-0,0-0,0-0,0-0,0-0,0-0,0-0,0-0,0-0,0-0,0-0,0-1,0-0,1-0,0-0,0-0,0-0,0-0,0-1,0-0,0-0,0-0,0-0,4-0,0-0,0-1,0-0,0-0,0-0,0-0,0-0,0-0,2-0,0-0,0-1,0-0,0-0,0-0,0-1,0-0,0-0,
eddy mexico,0-0,0-0,0-1,0-0,1-0,0-0,0-0,0-0,0-0,0-0,0-0,0-0,0-0,0-0,0-0,0-0,N/A,0-0,0-0,0-0,0-0,0-0,0-0,0-0,0-0,0-0,0-0,0-0,0-0,0-0,0-0,0-0,0-0,0-0,0-0,0-0,1-0,0-0,0-0,0-0,0-0,1-0,0-0,0-0,0-0,0-0,0-0,0-0,0-0,0-0,0-0,0-0,0-0,0-0,0-0,0-0,0-0,0-0,0-0,0-0,0-0,0-0,0-0,0-0,0-0,0-0,0-0,0-0,0-0,0-0,0-0,0-0,0-0,0-0,0-0,0-0,0-0,0-0,0-0,0-0,0-0,0-0,0-0,0-0,0-0,0-0,0-0,0-0,0-0,0-0,0-0,0-0,0-1,0-0,0-0,0-0,0-0,
eggy,0-0,0-0,0-0,0-0,0-0,0-0,0-0,0-0,0-0,0-1,0-0,0-0,0-1,0-0,0-0,0-0,0-0,N/A,0-0,0-0,0-0,0-0,0-0,0-0,0-0,0-0,0-0,0-0,0-1,0-0,0-0,0-0,0-0,0-0,0-1,0-0,0-0,1-0,0-0,0-0,0-0,0-0,0-0,0-0,0-0,0-1,0-0,0-0,0-0,0-0,0-0,0-0,0-0,0-0,0-0,0-0,0-0,0-0,0-0,0-0,1-0,0-0,0-0,0-0,0-0,0-0,0-0,0-0,0-0,0-0,0-0,0-0,0-0,0-0,0-0,0-0,0-0,0-0,0-0,0-0,0-0,0-0,0-0,0-0,0-0,0-0,0-0,0-0,0-0,0-0,0-0,0-1,0-0,0-0,0-0,0-0,0-0,
faceroll,0-0,0-0,2-0,0-0,0-0,0-0,0-2,1-0,1-0,0-0,0-0,0-0,0-0,0-0,0-0,0-0,0-0,0-0,N/A,0-0,0-0,1-0,0-0,0-0,0-0,0-0,0-0,0-0,0-0,0-0,0-0,0-0,1-0,0-0,0-0,0-0,2-0,0-0,0-0,1-0,2-0,0-0,0-0,0-0,0-0,0-0,0-2,0-0,1-0,0-0,1-0,0-0,0-0,0-0,0-0,0-0,1-0,0-0,0-0,0-0,0-0,0-0,0-0,0-0,0-0,0-0,0-2,0-0,0-0,0-0,0-0,0-0,0-0,0-0,0-0,0-0,0-1,0-0,0-0,0-0,0-0,0-0,0-0,0-0,1-0,0-1,0-0,0-0,0-0,0-2,0-0,0-0,0-0,0-0,0-0,0-0,0-0,
far!,0-0,0-0,0-0,0-1,0-0,0-0,0-0,0-0,0-0,0-0,0-0,0-0,0-0,0-0,0-0,0-0,0-0,0-0,0-0,N/A,0-0,0-0,1-0,0-0,0-0,0-0,0-1,0-0,0-0,0-0,0-0,0-0,0-0,0-1,0-0,0-0,0-1,0-0,0-0,0-0,0-0,0-0,0-0,0-0,0-0,1-0,0-0,0-0,0-0,0-0,0-1,0-0,0-0,0-0,0-0,0-0,0-0,0-0,0-0,0-0,0-0,0-0,0-0,0-0,0-0,0-0,0-0,0-0,0-0,0-0,0-0,0-0,0-0,0-0,0-0,0-0,0-0,0-0,0-0,0-0,0-0,0-0,0-0,0-0,0-0,0-0,0-0,0-0,0-0,0-0,0-0,0-0,0-0,0-0,0-0,0-1,0-0,
fatgoku,0-0,0-0,0-1,0-0,0-0,0-0,0-0,0-0,0-0,0-0,0-0,0-0,0-0,0-0,0-0,0-0,0-0,0-0,0-0,0-0,N/A,1-0,0-0,0-0,0-0,0-0,0-0,0-0,0-0,0-0,0-0,0-0,0-0,0-0,0-0,0-0,0-0,0-0,0-0,1-0,0-0,0-0,0-0,0-0,0-0,0-0,0-0,0-0,0-0,0-0,0-0,0-0,0-0,0-0,0-0,0-0,0-0,0-0,0-0,0-0,0-0,1-0,0-0,0-0,0-0,0-0,0-0,0-0,0-0,0-0,0-0,0-0,0-0,0-0,0-0,0-0,0-0,1-0,0-0,0-0,0-0,0-0,0-0,0-0,0-0,0-0,0-0,0-0,0-0,0-0,0-0,0-0,0-0,0-0,0-0,0-0,0-0,
fiction,0-0,0-0,0-0,0-0,1-1,0-0,0-0,0-0,0-0,1-0,0-0,0-0,0-0,0-1,0-0,0-0,0-0,0-0,0-1,0-0,0-1,N/A,0-0,0-0,0-0,0-0,0-0,0-1,0-1,0-0,0-0,0-0,1-0,0-0,0-0,0-0,0-0,0-0,0-0,0-0,0-1,0-0,0-0,0-0,0-0,0-0,1-0,1-0,0-0,0-0,1-0,0-0,0-0,0-0,0-0,0-0,0-0,1-0,0-1,0-0,0-0,0-0,0-0,0-0,0-0,0-0,0-1,0-0,0-0,0-0,0-0,1-0,0-0,2-0,0-0,0-0,0-1,0-0,0-0,0-0,0-0,0-0,0-0,1-0,0-0,0-0,0-0,1-0,0-0,0-0,0-0,0-0,0-0,0-0,0-0,0-0,0-0,
fizz,0-0,0-0,0-0,0-0,0-0,0-0,0-0,0-0,0-0,0-0,0-0,0-0,0-0,0-0,0-0,0-0,0-0,0-0,0-0,0-1,0-0,0-0,N/A,0-0,0-0,0-0,0-0,0-0,0-0,0-0,0-0,0-0,0-0,0-0,0-0,0-0,0-0,0-0,0-0,0-0,0-0,0-0,0-0,0-0,0-0,0-0,0-0,0-0,0-0,0-0,0-0,0-0,0-0,0-1,0-0,0-0,0-1,0-0,0-0,0-0,0-0,0-0,0-0,0-0,0-0,0-0,0-0,0-0,0-0,0-0,0-0,0-0,0-0,0-1,0-0,0-0,0-0,0-0,0-0,0-0,0-0,0-0,0-0,0-0,0-0,0-0,0-0,1-0,0-0,0-0,0-1,0-0,0-0,0-0,0-0,0-0,0-0,
flash,0-0,0-0,0-0,0-0,0-0,0-0,0-0,0-0,0-0,0-0,0-0,0-0,0-0,0-0,0-0,0-0,0-0,0-0,0-0,0-0,0-0,0-0,0-0,N/A,0-0,0-0,0-0,1-0,0-0,0-0,0-0,0-0,0-0,0-0,1-0,0-0,0-0,0-0,0-0,0-0,0-0,0-0,0-0,0-0,0-0,0-0,0-0,0-0,0-0,0-0,0-0,0-0,0-0,0-0,0-0,0-0,0-0,0-0,0-0,0-0,0-0,0-0,0-0,0-0,0-0,0-0,0-0,0-0,0-0,0-0,0-0,0-0,0-0,0-0,0-0,0-0,0-0,0-0,0-0,0-0,1-0,0-0,0-0,0-0,0-0,0-0,0-0,0-0,0-0,0-0,0-0,0-0,0-2,0-0,0-0,0-0,0-0,
free palestine,0-0,0-0,0-0,0-1,0-0,0-0,0-0,0-0,0-0,0-0,0-0,0-0,0-1,0-0,0-0,0-0,0-0,0-0,0-0,0-0,0-0,0-0,0-0,0-0,N/A,0-0,0-0,0-0,0-1,0-0,0-0,0-0,0-0,0-0,0-1,0-0,0-0,0-0,0-0,0-1,1-0,0-0,0-0,0-0,0-0,0-0,0-0,0-0,0-0,0-1,0-0,0-0,0-0,0-0,0-0,0-0,0-0,0-0,0-0,0-0,0-0,0-0,0-0,0-0,0-0,0-1,0-0,1-2,0-0,0-0,0-0,0-0,0-0,0-0,0-0,0-0,0-1,0-0,0-0,0-1,0-0,0-0,0-0,0-0,0-0,0-0,0-0,0-0,0-0,0-0,0-0,0-0,0-0,0-0,1-0,0-0,0-0,
frenzy,0-0,0-0,0-1,0-0,0-0,1-0,0-0,0-0,0-0,0-0,0-0,0-0,0-0,0-0,0-0,0-0,0-0,0-0,0-0,0-0,0-0,0-0,0-0,0-0,0-0,N/A,0-0,0-0,0-0,0-0,1-0,0-0,0-0,1-0,0-0,0-0,0-0,0-0,0-0,0-0,0-0,0-0,0-0,0-0,0-0,0-0,0-0,0-0,0-0,0-0,0-0,0-0,0-1,0-0,0-0,0-0,0-0,0-0,0-0,0-0,0-0,0-0,0-0,1-0,0-0,0-2,0-0,0-0,3-1,0-0,0-0,0-0,0-0,0-0,0-0,0-0,0-0,0-0,0-0,0-0,0-0,0-0,0-0,0-0,0-0,0-0,0-0,0-0,0-0,0-1,0-0,0-0,0-1,0-0,0-0,0-0,0-0,
gahtzu,0-0,1-0,0-0,0-1,0-0,1-0,0-0,1-0,0-0,1-0,0-0,0-0,1-0,0-0,0-0,0-0,0-0,0-0,0-0,1-0,0-0,0-0,0-0,0-0,0-0,0-0,N/A,0-0,0-0,0-1,0-0,0-0,0-0,0-1,0-0,0-0,0-1,0-0,0-0,0-0,0-2,0-0,0-0,0-0,1-1,0-0,1-0,0-0,0-2,0-0,0-0,0-0,0-0,0-0,0-0,0-0,0-0,0-0,0-0,0-0,0-0,0-0,0-0,0-0,0-0,0-0,0-0,0-0,0-0,0-0,0-0,0-0,0-0,1-0,0-1,0-0,0-1,0-0,0-0,0-0,0-0,0-0,0-0,0-0,0-0,0-0,0-0,0-0,0-0,0-0,0-0,0-0,0-0,0-1,0-1,0-0,0-0,
ginger,0-0,0-1,0-0,0-0,0-0,0-0,2-0,3-0,0-0,0-0,0-0,0-0,0-0,0-1,0-0,1-0,0-0,0-0,0-0,0-0,0-0,1-0,0-0,0-1,0-0,0-0,0-0,N/A,0-2,1-0,1-0,0-0,0-0,0-0,0-0,0-0,0-0,0-0,0-0,0-0,0-2,0-0,0-0,0-0,0-0,0-0,0-0,0-0,2-1,0-0,0-0,0-0,0-0,0-0,0-0,1-0,0-0,0-0,0-0,0-0,1-0,0-0,0-0,0-0,0-0,0-0,0-1,3-1,0-0,0-0,0-0,1-0,0-0,0-0,1-0,0-0,0-1,0-0,0-0,1-0,0-0,0-0,0-0,0-0,0-1,0-0,0-0,0-0,0-0,0-0,1-0,0-0,0-3,0-1,0-0,1-0,0-0,
hungrybox,1-0,0-0,0-0,1-1,0-0,0-0,0-0,1-0,0-0,0-0,0-0,0-0,0-0,0-0,0-0,0-0,0-0,1-0,0-0,0-0,0-0,1-0,0-0,0-0,1-0,0-0,0-0,2-0,N/A,1-3,0-0,0-0,0-0,0-0,0-0,0-0,0-0,0-0,0-0,0-0,3-0,0-0,0-0,0-1,1-0,0-0,0-0,0-0,2-0,0-2,0-0,0-0,0-0,0-0,1-0,0-0,0-0,1-0,1-0,0-0,0-0,0-0,0-0,0-0,0-0,1-0,0-1,0-2,0-0,0-0,0-0,0-0,0-0,1-0,1-0,0-0,1-0,0-0,0-0,0-0,0-0,0-0,1-0,1-0,0-0,0-0,1-0,0-0,0-0,0-0,0-0,0-0,1-4,0-2,1-0,0-0,0-0,
ibdw,2-0,0-0,1-0,1-0,0-0,0-0,2-0,0-0,0-0,0-0,0-0,0-0,0-0,1-0,1-0,0-0,0-0,0-0,0-0,0-0,0-0,0-0,0-0,0-0,0-0,0-0,1-0,0-1,3-1,N/A,0-0,0-0,0-0,0-0,0-0,0-0,0-0,0-0,0-0,0-0,0-1,1-0,0-0,1-0,0-0,2-0,0-0,0-0,0-0,1-1,1-0,0-0,0-0,0-0,0-0,0-0,0-0,0-0,0-0,0-0,0-0,0-0,0-0,1-0,0-0,1-0,2-1,1-1,0-0,0-0,0-0,0-0,0-0,0-0,0-0,0-0,0-0,0-0,0-0,0-0,0-0,0-0,0-0,0-0,0-0,0-0,1-0,0-0,0-0,0-0,1-0,0-0,2-0,1-2,0-0,0-0,0-0,
ice,0-0,1-0,0-0,0-0,0-0,0-0,0-0,0-0,0-0,0-0,0-0,0-0,0-0,0-0,0-0,0-0,0-0,0-0,0-0,0-0,0-0,0-0,0-0,0-0,0-0,0-1,0-0,0-1,0-0,0-0,N/A,0-0,0-0,0-0,0-0,0-0,0-0,0-0,0-0,0-0,0-0,0-0,0-0,0-1,0-0,0-0,0-0,0-0,0-0,0-0,0-0,0-0,0-0,0-0,0-0,0-0,0-0,0-0,0-0,0-0,0-0,0-0,0-0,0-0,0-0,1-0,0-1,0-1,1-1,0-0,0-0,0-0,0-0,0-0,0-0,0-0,0-0,0-0,0-0,0-0,0-0,0-0,0-0,0-0,0-0,0-0,0-0,0-0,0-0,0-0,0-0,0-0,0-0,0-0,0-0,0-0,0-0,
jah ridin',0-0,0-0,0-0,0-0,0-0,0-0,0-0,0-0,0-0,0-0,0-0,0-0,0-0,0-0,0-0,0-0,0-0,0-0,0-0,0-0,0-0,0-0,0-0,0-0,0-0,0-0,0-0,0-0,0-0,0-0,0-0,N/A,0-0,0-0,0-0,0-0,0-0,0-0,0-0,0-0,0-1,0-0,0-0,0-1,0-1,0-0,0-0,0-0,0-0,0-0,0-0,0-0,0-0,0-0,0-0,0-0,0-0,0-0,0-0,0-0,0-0,0-0,0-0,0-1,0-0,0-0,0-0,0-0,0-1,0-0,0-0,0-0,0-0,0-0,0-0,0-0,0-0,0-0,0-0,0-0,0-0,0-0,0-0,0-0,0-0,0-0,0-0,0-0,0-0,0-1,0-0,0-0,0-0,0-0,0-0,0-0,0-0,
jflex,1-0,0-0,0-0,0-0,0-0,0-0,0-1,0-1,0-0,0-0,0-0,0-0,0-0,0-0,0-0,0-0,0-0,0-0,0-1,0-0,0-0,0-1,0-0,0-0,0-0,0-0,0-0,0-0,0-0,0-0,0-0,0-0,N/A,1-0,0-0,0-0,0-0,2-0,0-0,0-0,0-0,0-0,0-0,0-0,0-0,1-0,0-0,0-0,0-0,0-0,0-0,1-0,0-1,0-0,0-0,0-0,0-0,0-0,0-0,1-0,0-0,0-0,0-0,0-0,0-0,0-0,0-0,0-0,0-0,0-0,0-0,1-0,0-0,0-0,1-0,0-0,0-0,0-0,0-0,0-0,0-0,0-2,0-0,0-0,0-0,0-0,0-0,0-0,0-0,0-0,0-1,1-0,0-0,0-0,0-2,0-0,0-0,
jmook,1-0,0-0,0-0,0-1,0-0,0-0,0-0,0-0,0-0,0-0,0-0,0-0,1-0,0-0,0-0,0-0,0-0,0-0,0-0,1-0,0-0,0-0,0-0,0-0,0-0,0-1,1-0,0-0,0-0,0-0,0-0,0-0,0-1,N/A,0-0,0-0,1-0,0-0,0-0,0-0,0-0,1-0,0-0,0-0,0-0,0-0,0-0,0-0,0-0,0-0,0-0,0-0,0-0,0-0,0-0,0-0,0-0,0-0,0-0,0-0,0-0,0-0,0-0,0-0,0-0,0-0,0-0,0-0,0-0,0-0,0-0,0-0,0-0,0-0,0-0,0-0,0-0,0-0,0-0,0-0,0-0,0-0,0-0,0-0,1-0,0-0,0-0,0-0,0-0,0-0,0-0,0-0,0-0,0-0,0-0,0-0,0-0,
juicebox,0-0,0-0,0-0,0-0,0-0,0-0,0-0,0-0,0-0,0-0,0-0,0-0,0-0,0-0,0-0,0-0,0-0,1-0,0-0,0-0,0-0,0-0,0-0,0-1,1-0,0-0,0-0,0-0,0-0,0-0,0-0,0-0,0-0,0-0,N/A,0-0,0-0,0-0,1-0,0-0,0-0,0-0,0-0,0-0,0-0,0-0,0-0,0-0,0-0,0-0,0-0,0-0,0-0,0-0,0-0,0-0,0-0,0-0,0-0,2-0,0-0,0-0,0-0,0-0,0-0,0-0,0-1,0-2,0-0,0-0,0-0,0-0,0-0,0-0,0-0,0-0,0-0,0-0,0-0,0-0,0-0,0-0,0-0,0-0,0-0,0-0,0-0,0-0,0-0,0-0,0-0,0-0,0-0,0-0,0-0,0-0,0-0,
justus,0-0,0-0,0-1,0-0,0-0,0-0,0-0,0-0,0-0,0-0,0-0,0-0,0-0,0-0,0-0,0-0,0-0,0-0,0-0,0-0,0-0,0-0,0-0,0-0,0-0,0-0,0-0,0-0,0-0,0-0,0-0,0-0,0-0,0-0,0-0,N/A,0-0,0-0,0-0,0-0,0-0,0-0,0-0,0-0,0-0,0-0,0-1,0-0,0-0,0-0,0-0,0-0,0-0,0-0,0-0,0-0,0-0,0-0,0-0,0-0,0-0,0-0,0-0,0-0,0-0,0-0,0-0,0-0,0-0,0-0,0-0,0-0,0-0,0-0,0-0,0-0,0-0,0-0,0-0,0-1,0-0,0-0,0-0,0-0,0-0,0-0,0-0,0-0,0-0,0-0,0-0,0-0,0-0,0-0,0-0,0-0,0-0,
kalamazhu,0-0,0-0,0-0,0-1,0-0,0-0,0-0,0-0,0-0,0-0,0-0,0-0,0-0,0-0,0-1,0-0,0-1,0-0,0-2,1-0,0-0,0-0,0-0,0-0,0-0,0-0,1-0,0-0,0-0,0-0,0-0,0-0,0-0,0-1,0-0,0-0,N/A,0-0,0-0,0-0,0-1,0-0,0-0,0-0,0-0,0-0,0-1,0-0,0-0,0-0,0-0,0-0,0-0,0-0,0-0,0-0,0-0,0-0,0-0,0-0,0-0,0-0,0-0,0-0,0-0,0-0,0-0,0-0,0-0,0-0,0-0,1-0,0-0,0-1,0-0,0-0,0-0,0-0,0-0,0-0,0-0,0-0,0-0,0-0,0-0,0-0,0-0,1-0,0-0,0-0,0-0,0-0,0-0,0-0,0-0,0-0,0-0,
kalvar,0-0,0-0,0-0,0-0,0-0,0-0,0-0,0-0,0-0,0-0,0-0,0-0,0-0,0-0,0-0,0-0,0-0,0-1,0-0,0-0,0-0,0-0,0-0,0-0,0-0,0-0,0-0,0-0,0-0,0-0,0-0,0-0,0-2,0-0,0-0,0-0,0-0,N/A,0-0,0-0,0-0,0-0,0-0,0-0,0-0,0-0,0-0,0-0,0-0,0-0,0-0,0-1,0-0,0-0,0-0,0-0,1-1,0-0,0-0,1-0,0-0,0-0,0-0,0-0,0-0,0-0,0-0,0-0,0-0,0-0,0-0,0-0,0-0,0-0,0-1,0-0,0-0,0-0,0-0,0-0,0-0,0-0,0-0,0-0,0-0,0-0,0-0,0-0,1-0,0-0,0-0,1-0,0-0,0-0,0-0,0-0,0-0,
khryke,0-0,0-0,0-0,0-0,0-0,0-0,0-0,0-0,0-0,0-0,1-0,0-0,0-0,0-0,0-0,0-0,0-0,0-0,0-0,0-0,0-0,0-0,0-0,0-0,0-0,0-0,0-0,0-0,0-0,0-0,0-0,0-0,0-0,0-0,0-1,0-0,0-0,0-0,N/A,0-0,0-0,0-0,0-0,0-0,0-0,1-0,0-0,0-0,0-0,0-0,0-0,0-0,0-0,0-0,0-0,0-0,0-0,0-0,0-0,0-1,0-0,0-0,0-0,0-0,0-0,0-0,0-0,0-0,0-0,0-0,0-0,0-0,0-0,0-0,0-0,0-0,0-0,0-0,0-0,1-0,0-0,0-0,0-0,0-0,0-0,0-0,0-0,0-0,0-0,0-0,0-0,0-0,0-0,0-0,0-0,0-0,0-0,
kjh,0-0,0-0,0-0,0-0,0-0,0-0,0-0,0-0,0-0,0-0,0-0,0-0,0-0,0-0,0-0,2-0,0-0,0-0,0-1,0-0,0-1,0-0,0-0,0-0,1-0,0-0,0-0,0-0,0-0,0-0,0-0,0-0,0-0,0-0,0-0,0-0,0-0,0-0,0-0,N/A,0-0,0-0,0-0,0-0,0-0,0-0,0-0,0-0,0-0,0-0,0-0,0-1,0-0,0-0,0-0,0-0,0-0,0-0,0-0,0-0,0-0,0-0,0-0,0-0,0-0,0-0,0-0,0-0,0-0,0-0,0-0,0-0,0-0,0-0,0-0,0-0,0-0,0-0,0-0,0-1,0-0,0-0,0-0,0-0,0-0,0-0,0-0,0-0,1-0,0-0,0-0,0-0,0-0,0-0,0-0,0-0,0-0,
kodorin,0-0,0-0,0-0,0-0,0-0,1-0,0-2,0-0,0-0,0-0,0-0,0-0,0-0,0-0,1-0,0-0,0-0,0-0,0-2,0-0,0-0,1-0,0-0,0-0,0-1,0-0,2-0,2-0,0-3,1-0,0-0,1-0,0-0,0-0,0-0,0-0,1-0,0-0,0-0,0-0,N/A,0-0,0-0,0-0,0-1,0-0,1-0,0-0,1-0,0-2,0-0,0-0,1-0,0-0,1-0,0-0,0-0,1-1,0-0,0-0,0-0,0-0,1-0,1-1,1-0,0-0,0-3,0-0,0-0,0-0,0-0,1-0,0-0,0-0,1-0,0-0,3-0,1-0,0-0,0-0,0-0,0-0,0-0,0-0,1-0,0-0,0-0,0-0,0-0,0-0,0-0,0-0,0-1,0-2,0-0,0-0,0-0,
krudo,0-0,0-0,0-0,0-0,1-0,0-0,0-1,0-0,0-0,0-0,0-0,0-0,0-0,0-0,0-0,0-0,0-1,0-0,0-0,0-0,0-0,0-0,0-0,0-0,0-0,0-0,0-0,0-0,0-0,0-1,0-0,0-0,0-0,0-1,0-0,0-0,0-0,0-0,0-0,0-0,0-0,N/A,0-0,0-0,0-0,0-0,0-0,0-0,0-0,0-0,0-0,0-0,1-0,0-0,0-0,0-0,0-0,0-0,0-0,0-0,0-0,0-0,0-0,0-1,0-0,0-0,0-0,0-0,0-0,0-0,0-0,0-1,0-0,0-0,0-0,0-0,0-0,0-0,0-0,0-0,0-0,0-0,0-0,0-0,0-0,0-0,0-0,0-0,0-0,0-0,0-0,0-0,0-0,0-0,0-0,0-0,0-0,
kürv,0-0,0-0,0-1,0-0,0-0,0-0,0-1,0-0,0-0,0-0,0-0,0-0,0-0,0-0,0-0,0-0,0-0,0-0,0-0,0-0,0-0,0-0,0-0,0-0,0-0,0-0,0-0,0-0,0-0,0-0,0-0,0-0,0-0,0-0,0-0,0-0,0-0,0-0,0-0,0-0,0-0,0-0,N/A,0-0,0-0,0-0,0-1,0-0,0-0,0-0,0-0,0-0,0-0,0-0,0-0,0-0,0-0,0-0,0-0,0-0,0-0,0-0,0-0,0-0,0-0,0-0,0-0,0-0,0-0,0-0,0-0,0-0,0-0,0-0,0-0,0-0,0-0,0-0,0-0,0-0,0-0,0-0,0-0,0-0,0-0,0-0,0-0,0-0,0-0,0-0,0-1,0-0,0-0,0-0,0-0,0-0,0-0,
leffen,0-0,0-0,0-0,0-0,0-0,0-0,0-0,0-0,0-0,0-0,0-0,0-0,0-0,0-0,0-0,0-0,0-0,0-0,0-0,0-0,0-0,0-0,0-0,0-0,0-0,0-0,0-0,0-0,1-0,0-1,1-0,1-0,0-0,0-0,0-0,0-0,0-0,0-0,0-0,0-0,0-0,0-0,0-0,N/A,0-0,0-0,0-0,0-0,1-0,0-1,0-0,0-0,0-0,0-0,0-0,0-0,0-0,0-0,1-0,0-0,1-0,0-0,0-0,0-0,0-0,1-0,0-0,0-0,0-0,0-0,0-0,0-0,0-0,0-0,0-0,0-0,0-0,0-0,0-0,0-0,0-0,0-0,0-0,0-0,0-0,0-0,1-0,0-0,0-0,2-0,0-0,0-0,0-1,0-0,0-0,0-0,0-0,
llod,0-0,0-0,0-0,0-1,0-0,0-0,0-0,1-0,0-0,0-0,0-0,0-0,0-0,0-0,0-0,1-0,0-0,0-0,0-0,0-0,0-0,0-0,0-0,0-0,0-0,0-0,1-1,0-0,0-1,0-0,0-0,1-0,0-0,0-0,0-0,0-0,0-0,0-0,0-0,0-0,1-0,0-0,0-0,0-0,N/A,0-0,0-0,0-0,0-0,0-0,0-0,0-0,0-0,0-0,0-0,0-0,0-0,1-0,0-0,0-0,0-0,0-0,0-0,1-0,0-0,0-0,0-0,0-3,0-0,0-0,0-0,0-0,0-0,0-0,0-0,0-0,0-0,1-0,0-0,0-0,1-0,0-0,0-0,0-0,0-0,0-0,0-0,0-0,0-0,0-0,0-0,0-0,0-2,0-0,1-0,0-0,0-0,
logan,1-0,1-0,0-0,0-0,0-0,0-0,0-2,1-0,0-0,1-0,0-0,0-0,0-0,0-1,0-0,0-0,0-0,1-0,0-0,0-1,0-0,0-0,0-0,0-0,0-0,0-0,0-0,0-0,0-0,0-2,0-0,0-0,0-1,0-0,0-0,0-0,0-0,0-0,0-1,0-0,0-0,0-0,0-0,0-0,0-0,N/A,0-0,0-0,0-0,0-0,0-0,0-0,0-0,0-0,1-0,0-0,0-0,0-0,0-0,0-0,0-1,0-0,0-0,1-0,0-0,0-0,0-0,0-0,0-0,0-0,0-0,0-0,0-0,0-0,0-0,0-0,0-1,0-0,0-0,0-0,0-0,0-1,0-0,0-0,0-0,0-0,1-0,0-0,1-0,0-0,0-0,0-0,0-1,0-0,0-1,0-0,0-0,
lucky,0-0,0-0,0-0,0-0,1-0,0-0,0-0,0-0,0-0,0-0,0-0,0-0,0-0,0-0,1-0,0-0,0-0,0-0,2-0,0-0,0-0,0-1,0-0,0-0,0-0,0-0,0-1,0-0,0-0,0-0,0-0,0-0,0-0,0-0,0-0,1-0,1-0,0-0,0-0,0-0,0-1,0-0,1-0,0-0,0-0,0-0,N/A,0-0,0-0,0-0,0-0,0-0,0-0,0-0,0-0,0-0,0-0,0-0,0-0,0-0,0-0,0-0,0-1,0-0,0-0,0-0,0-0,0-0,0-0,0-0,0-0,0-0,0-0,1-1,0-0,0-0,0-0,0-0,0-0,0-0,0-0,0-0,0-0,0-0,0-0,1-2,0-0,0-0,0-0,0-0,0-0,0-0,0-1,0-0,0-0,0-0,0-0,
luigi ka-master,1-0,0-0,0-0,0-0,0-0,0-0,0-0,0-0,0-0,0-0,0-0,0-0,0-0,0-0,0-0,0-0,0-0,0-0,0-0,0-0,0-0,0-1,0-0,0-0,0-0,0-0,0-0,0-0,0-1,0-0,0-0,0-0,0-0,0-0,0-0,0-0,0-0,0-0,0-0,0-0,0-0,0-0,0-0,0-0,0-0,0-0,0-0,N/A,0-1,0-0,0-0,0-0,0-0,0-0,0-0,0-0,0-0,0-0,0-1,0-0,0-0,0-0,0-0,0-0,0-0,0-0,0-0,0-0,0-0,0-0,0-0,0-0,0-0,0-0,0-0,0-0,0-0,0-0,0-0,0-0,0-0,0-0,0-0,0-1,0-0,0-0,0-0,0-0,0-0,0-0,1-0,0-0,0-0,0-0,0-0,0-0,0-0,
magi,0-0,0-0,0-0,0-0,0-0,0-0,0-0,0-1,0-0,0-0,0-0,0-0,0-0,0-0,0-0,0-0,0-0,0-0,0-1,0-0,0-0,0-0,0-0,0-0,0-0,0-0,2-0,1-2,0-2,0-0,0-0,0-0,0-0,0-0,0-0,0-0,0-0,0-0,0-0,0-0,0-1,0-0,0-0,0-1,0-0,0-0,0-0,1-0,N/A,0-0,0-1,0-0,0-0,0-0,0-0,0-0,0-0,0-1,0-0,0-0,1-1,0-0,0-0,0-0,0-0,1-0,0-0,0-1,1-0,0-0,0-0,0-0,0-0,0-0,0-0,0-0,2-0,1-0,0-0,1-0,0-0,0-0,0-0,0-0,0-0,0-0,0-0,0-0,0-0,0-0,0-0,1-0,1-1,0-0,1-1,0-0,0-0,
mang0,0-0,0-0,0-0,0-2,0-0,0-0,0-0,0-0,0-0,0-0,0-0,0-0,0-0,0-0,0-0,0-0,0-0,0-0,0-0,0-0,0-0,0-0,0-0,0-0,1-0,0-0,0-0,0-0,2-0,1-1,0-0,0-0,0-0,0-0,0-0,0-0,0-0,0-0,0-0,0-0,2-0,0-0,0-0,1-0,0-0,0-0,0-0,0-0,0-0,N/A,0-0,0-0,0-0,0-0,2-0,0-0,0-0,1-0,0-0,0-0,0-0,0-0,0-0,0-0,0-0,0-0,1-1,0-0,0-0,0-0,0-0,0-0,0-0,0-0,0-0,0-0,0-1,0-0,0-0,0-0,0-0,0-0,0-0,0-0,0-0,0-0,1-0,0-0,0-0,0-0,0-0,0-0,2-0,3-1,0-0,0-0,0-0,
medz,0-0,0-0,0-0,0-0,0-0,1-0,0-0,0-0,1-0,1-0,0-0,0-0,0-0,0-0,0-0,0-0,0-0,0-0,0-1,1-0,0-0,0-1,0-0,0-0,0-0,0-0,0-0,0-0,0-0,0-1,0-0,0-0,0-0,0-0,0-0,0-0,0-0,0-0,0-0,0-0,0-0,0-0,0-0,0-0,0-0,0-0,0-0,0-0,1-0,0-0,N/A,0-0,0-0,0-0,0-0,0-0,0-0,0-0,0-0,0-0,0-0,0-0,0-0,0-0,0-0,0-0,0-1,0-0,0-0,0-0,0-0,0-0,0-0,0-0,1-0,0-0,0-1,0-0,0-0,0-0,0-0,0-0,0-0,0-0,0-0,0-0,0-0,0-0,0-0,0-0,0-0,0-0,0-0,0-0,0-0,0-0,0-0,
mekk,0-0,0-0,0-0,0-0,0-0,0-0,0-0,0-0,0-0,0-0,0-0,0-0,0-0,0-0,0-0,0-0,0-0,0-0,0-0,0-0,0-0,0-0,0-0,0-0,0-0,0-0,0-0,0-0,0-0,0-0,0-0,0-0,0-1,0-0,0-0,0-0,0-0,1-0,0-0,1-0,0-0,0-0,0-0,0-0,0-0,0-0,0-0,0-0,0-0,0-0,0-0,N/A,0-1,0-0,0-0,0-0,0-0,0-0,0-0,0-0,0-0,0-0,0-0,0-1,0-0,0-0,0-0,0-0,0-0,0-0,0-0,0-0,0-0,0-0,0-0,0-0,0-0,0-0,0-1,0-0,0-0,0-0,0-0,0-0,0-0,0-0,0-0,0-0,1-0,0-0,1-0,0-0,0-0,0-0,1-2,0-0,0-0,
mew2king,0-0,0-0,0-0,0-0,0-0,1-0,0-0,0-0,0-0,0-0,0-0,0-0,0-0,0-0,0-0,0-0,0-0,0-0,0-0,0-0,0-0,0-0,0-0,0-0,0-0,1-0,0-0,0-0,0-0,0-0,0-0,0-0,1-0,0-0,0-0,0-0,0-0,0-0,0-0,0-0,0-1,0-1,0-0,0-0,0-0,0-0,0-0,0-0,0-0,0-0,0-0,1-0,N/A,0-0,0-0,0-0,0-0,0-0,0-0,0-0,0-0,0-0,0-0,0-0,0-0,0-0,0-0,0-0,0-0,0-0,0-0,0-0,0-0,0-0,0-0,0-0,0-0,0-0,0-0,0-0,0-0,0-0,0-0,0-0,0-0,0-0,0-0,0-0,0-0,0-0,0-0,0-0,0-1,0-0,0-0,0-0,0-0,
michael,0-0,0-0,0-0,0-0,0-0,0-0,0-0,0-0,0-0,0-0,0-0,0-0,0-0,0-0,0-0,0-0,0-0,0-0,0-0,0-0,0-0,0-0,1-0,0-0,0-0,0-0,0-0,0-0,0-0,0-0,0-0,0-0,0-0,0-0,0-0,0-0,0-0,0-0,0-0,0-0,0-0,0-0,0-0,0-0,0-0,0-0,0-0,0-0,0-0,0-0,0-0,0-0,0-0,N/A,0-0,0-0,1-0,0-0,0-0,0-0,0-0,0-0,0-0,0-0,0-0,0-0,0-0,0-1,0-0,0-0,0-0,0-0,0-0,0-0,0-0,0-0,0-0,0-0,0-0,0-0,0-0,0-0,0-0,0-0,0-0,0-0,0-0,0-0,0-0,0-0,0-0,0-0,0-0,0-0,0-2,0-0,0-0,
moky,1-0,0-0,0-0,0-0,0-0,0-0,0-0,0-0,0-0,0-0,0-0,0-0,0-0,0-0,0-0,0-0,0-0,0-0,0-0,0-0,0-0,0-0,0-0,0-0,0-0,0-0,0-0,0-0,0-1,0-0,0-0,0-0,0-0,0-0,0-0,0-0,0-0,0-0,0-0,0-0,0-1,0-0,0-0,0-0,0-0,0-1,0-0,0-0,0-0,0-2,0-0,0-0,0-0,0-0,N/A,0-0,0-0,2-0,0-0,0-0,0-0,0-0,0-0,0-0,0-0,0-0,0-0,0-0,0-0,0-0,0-0,0-0,0-0,0-0,0-0,0-0,0-0,0-0,0-0,0-0,0-0,0-0,0-0,0-0,0-0,0-0,0-0,0-0,0-0,0-0,0-0,0-0,0-0,0-0,0-0,0-0,0-0,
morsecode762,0-0,0-0,0-0,0-0,0-0,0-0,0-0,0-0,0-0,0-0,0-0,0-0,0-0,0-0,0-0,0-1,0-0,0-0,0-0,0-0,0-0,0-0,0-0,0-0,0-0,0-0,0-0,0-1,0-0,0-0,0-0,0-0,0-0,0-0,0-0,0-0,0-0,0-0,0-0,0-0,0-0,0-0,0-0,0-0,0-0,0-0,0-0,0-0,0-0,0-0,0-0,0-0,0-0,0-0,0-0,N/A,1-0,0-0,0-0,0-0,0-0,0-0,0-0,0-0,0-0,0-0,0-0,0-1,0-0,0-0,0-0,0-0,0-0,0-0,0-0,0-0,0-0,0-0,0-0,1-0,0-0,0-0,0-0,0-0,0-0,0-0,0-0,0-0,0-0,0-0,1-1,0-0,0-0,0-0,1-0,0-0,0-0,
mot$,0-0,0-0,0-0,0-0,0-0,0-0,0-1,0-0,0-0,0-0,0-0,0-0,1-1,0-0,0-1,0-0,0-0,0-0,0-1,0-0,0-0,0-0,1-0,0-0,0-0,0-0,0-0,0-0,0-0,0-0,0-0,0-0,0-0,0-0,0-0,0-0,0-0,1-1,0-0,0-0,0-0,0-0,0-0,0-0,0-0,0-0,0-0,0-0,0-0,0-0,0-0,0-0,0-0,0-1,0-0,0-1,N/A,0-0,0-0,0-0,0-0,0-0,0-0,0-1,0-0,0-0,0-0,0-0,0-0,0-0,0-0,0-0,0-0,0-0,0-0,0-0,0-0,0-0,0-0,0-1,0-0,0-0,0-0,0-0,0-0,0-0,0-0,0-0,1-1,0-0,0-1,0-0,0-0,0-0,0-2,0-0,0-0,
n0ne/ bond / wizzyfan109,0-1,1-1,0-0,0-1,0-0,0-0,0-0,1-0,0-0,0-0,0-0,0-0,0-0,0-0,0-0,0-0,0-0,0-0,0-0,0-0,0-0,0-1,0-0,0-0,0-0,0-0,0-0,0-0,0-1,0-0,0-0,0-0,0-0,0-0,0-0,0-0,0-0,0-0,0-0,0-0,1-1,0-0,0-0,0-0,0-1,0-0,0-0,0-0,1-0,0-1,0-0,0-0,0-0,0-0,0-2,0-0,0-0,N/A,0-0,0-0,0-0,1-0,0-0,0-0,0-0,0-0,0-0,0-0,0-0,0-0,0-0,0-0,0-0,0-1,0-0,0-0,0-0,0-0,0-0,0-0,0-0,0-1,0-0,0-0,0-0,0-0,0-0,0-0,0-0,0-0,0-0,0-0,1-0,0-1,0-0,0-0,3-0,
nicki,0-0,0-0,0-0,0-0,0-0,0-0,0-0,0-0,0-0,0-0,0-0,0-0,0-0,0-0,0-0,0-0,0-0,0-0,0-0,0-0,0-0,1-0,0-0,0-0,0-0,0-0,0-0,0-0,0-1,0-0,0-0,0-0,0-0,0-0,0-0,0-0,0-0,0-0,0-0,0-0,0-0,0-0,0-0,0-1,0-0,0-0,0-0,1-0,0-0,0-0,0-0,0-0,0-0,0-0,0-0,0-0,0-0,0-0,N/A,0-0,0-0,0-0,0-0,0-0,0-0,0-1,0-0,0-1,0-0,0-0,0-0,0-0,0-0,0-0,0-0,0-0,0-0,0-0,0-0,0-0,0-0,0-0,0-0,0-1,0-0,0-0,0-0,0-0,0-0,0-1,0-0,0-0,0-0,0-0,0-0,0-0,0-0,
nofluxes,0-0,0-0,0-0,0-0,0-0,0-0,0-2,0-0,0-0,0-0,0-0,0-0,0-0,0-0,0-0,0-0,0-0,0-0,0-0,0-0,0-0,0-0,0-0,0-0,0-0,0-0,0-0,0-0,0-0,0-0,0-0,0-0,0-1,0-0,0-2,0-0,0-0,0-1,1-0,0-0,0-0,0-0,0-0,0-0,0-0,0-0,0-0,0-0,0-0,0-0,0-0,0-0,0-0,0-0,0-0,0-0,0-0,0-0,0-0,N/A,0-0,0-0,0-0,0-0,0-0,0-0,0-0,0-0,0-0,0-0,0-0,0-0,0-0,0-1,0-0,1-0,0-0,0-0,0-0,0-0,0-0,2-0,0-0,0-0,0-0,0-0,0-0,0-0,0-0,0-0,1-0,0-0,0-0,0-0,0-0,0-0,0-0,
null,0-0,0-0,0-0,0-0,0-1,0-0,0-0,0-0,0-0,0-0,0-0,0-0,0-0,0-0,0-0,0-0,0-0,0-1,0-0,0-0,0-0,0-0,0-0,0-0,0-0,0-0,0-0,0-1,0-0,0-0,0-0,0-0,0-0,0-0,0-0,0-0,0-0,0-0,0-0,0-0,0-0,0-0,0-0,0-1,0-0,1-0,0-0,0-0,1-1,0-0,0-0,0-0,0-0,0-0,0-0,0-0,0-0,0-0,0-0,0-0,N/A,0-0,0-0,0-0,0-0,0-0,0-0,0-0,0-0,0-0,0-0,0-0,0-0,0-1,0-0,0-0,0-0,0-1,0-0,0-0,0-0,0-0,0-0,0-0,0-1,0-0,0-1,1-0,0-0,0-0,0-0,0-0,0-1,0-0,0-0,0-0,0-0,
nut,0-0,0-0,0-0,0-0,0-1,0-0,0-0,0-0,0-0,0-0,0-0,0-0,0-0,0-0,0-0,0-0,0-0,0-0,0-0,0-0,0-1,0-0,0-0,0-0,0-0,0-0,0-0,0-0,0-0,0-0,0-0,0-0,0-0,0-0,0-0,0-0,0-0,0-0,0-0,0-0,0-0,0-0,0-0,0-0,0-0,0-0,0-0,0-0,0-0,0-0,0-0,0-0,0-0,0-0,0-0,0-0,0-0,0-1,0-0,0-0,0-0,N/A,0-0,0-0,0-0,0-0,0-0,0-0,0-0,1-0,0-0,0-0,0-0,0-0,0-1,0-1,0-0,0-0,0-0,0-0,0-0,0-0,0-0,0-0,0-0,0-0,0-0,0-0,0-0,0-0,0-0,0-0,0-0,0-0,0-0,0-0,0-0,
palpa,0-0,0-0,1-0,0-0,0-0,0-0,0-0,0-0,0-0,0-0,0-0,0-0,0-0,0-0,0-0,0-0,0-0,0-0,0-0,0-0,0-0,0-0,0-0,0-0,0-0,0-0,0-0,0-0,0-0,0-0,0-0,0-0,0-0,0-0,0-0,0-0,0-0,0-0,0-0,0-0,0-1,0-0,0-0,0-0,0-0,0-0,1-0,0-0,0-0,0-0,0-0,0-0,0-0,0-0,0-0,0-0,0-0,0-0,0-0,0-0,0-0,0-0,N/A,0-0,0-0,0-0,0-0,0-0,0-0,0-0,0-0,0-0,0-0,0-1,0-0,0-0,0-0,0-0,0-0,0-0,0-0,0-0,0-0,0-0,0-0,0-0,0-0,0-0,0-0,0-0,0-0,0-0,0-0,0-0,0-0,0-0,0-0,
panda,0-0,0-0,0-0,0-0,0-0,0-0,0-0,0-0,0-0,0-0,0-0,0-0,0-0,0-0,0-0,0-0,0-0,0-0,0-0,0-0,0-0,0-0,0-0,0-0,0-0,0-1,0-0,0-0,0-0,0-1,0-0,1-0,0-0,0-0,0-0,0-0,0-0,0-0,0-0,0-0,1-1,1-0,0-0,0-0,0-1,0-1,0-0,0-0,0-0,0-0,0-0,1-0,0-0,0-0,0-0,0-0,1-0,0-0,0-0,0-0,0-0,0-0,0-0,N/A,0-0,0-0,0-0,0-0,0-0,0-0,0-0,0-0,0-0,0-0,0-0,0-0,0-0,0-0,1-0,1-0,0-0,0-1,0-0,0-0,0-0,0-0,0-0,0-0,0-0,0-0,0-0,0-0,0-0,0-0,0-0,0-0,0-0,
pappi,0-0,0-0,0-1,0-0,0-0,0-0,0-0,0-0,0-0,0-0,0-0,0-0,0-0,0-0,0-0,0-0,0-0,0-0,0-0,0-0,0-0,0-0,0-0,0-0,0-0,0-0,0-0,0-0,0-0,0-0,0-0,0-0,0-0,0-0,0-0,0-0,0-0,0-0,0-0,0-0,0-1,0-0,0-0,0-0,0-0,0-0,0-0,0-0,0-0,0-0,0-0,0-0,0-0,0-0,0-0,0-0,0-0,0-0,0-0,0-0,0-0,0-0,0-0,0-0,N/A,0-0,0-0,0-0,0-0,0-0,0-0,0-0,0-0,0-0,0-0,0-0,0-0,0-0,0-0,1-0,0-0,0-0,0-0,0-0,0-0,0-0,0-0,0-0,0-0,0-0,0-0,0-0,0-0,0-0,0-0,0-0,0-0,
pipsqueak,0-0,0-0,0-0,0-0,0-0,0-0,0-0,0-0,0-0,0-0,0-0,0-0,0-0,1-0,0-0,0-0,0-0,0-0,0-0,0-0,0-0,0-0,0-0,0-0,1-0,2-0,0-0,0-0,0-1,0-1,0-1,0-0,0-0,0-0,0-0,0-0,0-0,0-0,0-0,0-0,0-0,0-0,0-0,0-1,0-0,0-0,0-0,0-0,0-1,0-0,0-0,0-0,0-0,0-0,0-0,0-0,0-0,0-0,1-0,0-0,0-0,0-0,0-0,0-0,0-0,N/A,0-1,1-1,3-0,0-0,0-0,0-0,0-0,0-0,0-0,0-0,0-0,0-0,0-0,0-0,0-0,0-0,0-0,0-0,0-0,1-0,1-0,0-0,0-0,0-1,0-0,0-0,0-0,0-0,0-0,0-0,0-0,
plup,1-0,1-0,0-0,1-0,0-0,0-0,1-0,0-0,1-0,0-0,0-0,0-0,0-0,0-0,0-0,0-0,0-0,0-0,2-0,0-0,0-0,1-0,0-0,0-0,0-0,0-0,0-0,1-0,1-0,1-2,1-0,0-0,0-0,0-0,1-0,0-0,0-0,0-0,0-0,0-0,3-0,0-0,0-0,0-0,0-0,0-0,0-0,0-0,0-0,1-1,1-0,0-0,0-0,0-0,0-0,0-0,0-0,0-0,0-0,0-0,0-0,0-0,0-0,0-0,0-0,1-0,N/A,0-0,0-0,0-0,0-0,0-0,0-0,0-0,0-0,0-0,3-1,0-0,0-0,0-0,0-0,0-0,0-0,0-0,0-0,0-0,0-0,0-0,0-0,0-0,0-0,0-0,3-0,0-1,0-0,0-0,0-0,
polish,0-0,0-0,0-0,0-0,0-0,0-0,0-0,0-1,0-0,0-0,0-0,0-0,0-0,1-0,0-0,1-0,0-0,0-0,0-0,0-0,0-0,0-0,0-0,0-0,2-1,0-0,0-0,1-3,2-0,1-1,1-0,0-0,0-0,0-0,2-0,0-0,0-0,0-0,0-0,0-0,0-0,0-0,0-0,0-0,3-0,0-0,0-0,0-0,1-0,0-0,0-0,0-0,0-0,1-0,0-0,1-0,0-0,0-0,1-0,0-0,0-0,0-0,0-0,0-0,0-0,1-1,0-0,N/A,0-0,0-0,0-0,0-0,0-0,0-0,0-0,0-0,0-0,0-0,0-0,1-0,0-0,0-0,0-0,0-0,0-0,1-0,0-0,0-0,3-0,1-0,1-0,0-0,0-1,0-1,1-0,0-0,0-0,
professor pro,0-0,0-0,0-0,0-0,0-0,0-0,0-0,0-0,0-0,0-0,0-0,0-0,0-0,0-0,0-0,0-0,0-0,0-0,0-0,0-0,0-0,0-0,0-0,0-0,0-0,1-3,0-0,0-0,0-0,0-0,1-1,1-0,0-0,0-0,0-0,0-0,0-0,0-0,0-0,0-0,0-0,0-0,0-0,0-0,0-0,0-0,0-0,0-0,0-1,0-0,0-0,0-0,0-0,0-0,0-0,0-0,0-0,0-0,0-0,0-0,0-0,0-0,0-0,0-0,0-0,0-3,0-0,0-0,N/A,0-0,0-0,0-0,0-0,0-0,0-0,0-0,0-1,0-0,0-0,0-0,0-0,0-0,0-0,0-0,0-0,0-0,0-0,0-0,0-0,0-0,0-0,0-0,0-0,0-0,1-0,0-0,0-0,
ringler,0-0,0-0,0-0,0-0,0-0,0-0,0-0,0-0,0-0,0-0,0-0,0-0,0-0,0-0,0-0,0-1,0-0,0-0,0-0,0-0,0-0,0-0,0-0,0-0,0-0,0-0,0-0,0-0,0-0,0-0,0-0,0-0,0-0,0-0,0-0,0-0,0-0,0-0,0-0,0-0,0-0,0-0,0-0,0-0,0-0,0-0,0-0,0-0,0-0,0-0,0-0,0-0,0-0,0-0,0-0,0-0,0-0,0-0,0-0,0-0,0-0,0-1,0-0,0-0,0-0,0-0,0-0,0-0,0-0,N/A,0-0,0-0,0-0,0-1,0-1,0-0,0-0,0-0,1-0,0-0,0-1,0-0,0-0,0-0,0-0,0-1,0-0,0-0,0-0,0-0,0-0,0-0,0-0,0-0,1-0,0-0,0-0,
rishi,0-0,0-2,0-0,0-0,0-0,0-0,0-0,0-0,0-0,0-0,0-0,0-0,0-0,0-0,0-0,0-0,0-0,0-0,0-0,0-0,0-0,0-0,0-0,0-0,0-0,0-0,0-0,0-0,0-0,0-0,0-0,0-0,0-0,0-0,0-0,0-0,0-0,0-0,0-0,0-0,0-0,0-0,0-0,0-0,0-0,0-0,0-0,0-0,0-0,0-0,0-0,0-0,0-0,0-0,0-0,0-0,0-0,0-0,0-0,0-0,0-0,0-0,0-0,0-0,0-0,0-0,0-0,0-0,0-0,0-0,N/A,0-0,0-0,0-0,0-0,0-0,0-0,0-0,0-0,0-0,0-0,0-0,0-0,0-0,0-0,0-0,0-0,0-0,1-0,0-0,0-0,1-0,0-0,0-0,0-0,0-0,0-0,
rocky,0-0,0-0,0-0,0-0,2-0,0-0,0-0,0-0,0-0,0-0,0-0,0-0,0-0,0-0,1-0,0-0,0-0,0-0,0-0,0-0,0-0,0-1,0-0,0-0,0-0,0-0,0-0,0-1,0-0,0-0,0-0,0-0,0-1,0-0,0-0,0-0,0-1,0-0,0-0,0-0,0-1,1-0,0-0,0-0,0-0,0-0,0-0,0-0,0-0,0-0,0-0,0-0,0-0,0-0,0-0,0-0,0-0,0-0,0-0,0-0,0-0,0-0,0-0,0-0,0-0,0-0,0-0,0-0,0-0,0-0,0-0,N/A,0-0,0-0,0-0,0-0,0-0,0-0,0-0,0-0,0-0,0-0,0-0,0-0,0-0,0-0,0-0,0-0,0-0,0-0,0-0,0-0,0-0,0-0,0-0,0-0,0-0,
ryobeat,0-0,0-0,0-0,0-0,0-0,0-0,0-0,0-0,0-0,0-0,0-0,0-0,0-0,0-0,0-0,0-0,0-0,0-0,0-0,0-0,0-0,0-0,0-0,0-0,0-0,0-0,0-0,0-0,0-0,0-0,0-0,0-0,0-0,0-0,0-0,0-0,0-0,0-0,0-0,0-0,0-0,0-0,0-0,0-0,0-0,0-0,0-0,0-0,0-0,0-0,0-0,0-0,0-0,0-0,0-0,0-0,0-0,0-0,0-0,0-0,0-0,0-0,0-0,0-0,0-0,0-0,0-0,0-0,0-0,0-0,0-0,0-0,N/A,0-0,0-0,0-0,0-0,0-0,0-0,0-0,0-0,0-0,0-0,0-0,0-0,0-0,0-0,0-0,1-1,0-0,0-0,0-1,0-0,0-0,0-0,0-0,0-0,
s2j,0-0,0-0,1-0,0-0,1-0,1-0,0-0,0-0,0-0,0-0,0-0,0-0,0-0,0-0,0-0,0-0,0-0,0-0,0-0,0-0,0-0,0-2,1-0,0-0,0-0,0-0,0-1,0-0,0-1,0-0,0-0,0-0,0-0,0-0,0-0,0-0,1-0,0-0,0-0,0-0,0-0,0-0,0-0,0-0,0-0,0-0,1-1,0-0,0-0,0-0,0-0,0-0,0-0,0-0,0-0,0-0,0-0,1-0,0-0,1-0,1-0,0-0,1-0,0-0,0-0,0-0,0-0,0-0,0-0,1-0,0-0,0-0,0-0,N/A,0-0,0-0,0-2,0-1,0-0,0-0,0-0,0-0,0-0,0-0,0-0,0-0,0-0,0-0,0-0,0-0,0-0,0-0,0-0,0-0,1-0,0-0,0-0,
sdj,0-0,0-0,1-0,0-0,1-0,0-0,0-0,0-0,0-0,0-1,0-0,0-0,0-0,0-0,0-0,1-0,0-0,0-0,0-0,0-0,0-0,0-0,0-0,0-0,0-0,0-0,1-0,0-1,0-1,0-0,0-0,0-0,0-1,0-0,0-0,0-0,0-0,1-0,0-0,0-0,0-1,0-0,0-0,0-0,0-0,0-0,0-0,0-0,0-0,0-0,0-1,0-0,0-0,0-0,0-0,0-0,0-0,0-0,0-0,0-0,0-0,1-0,0-0,0-0,0-0,0-0,0-0,0-0,0-0,1-0,0-0,0-0,0-0,0-0,N/A,0-0,0-0,0-0,0-0,0-0,0-0,0-0,0-0,0-0,0-0,0-0,0-0,0-0,0-0,0-0,0-0,0-0,0-0,0-0,0-0,0-0,0-0,
secrets,0-0,0-0,0-1,0-0,0-1,0-0,1-0,0-0,0-0,0-0,0-0,0-0,0-0,0-0,0-0,0-0,0-0,0-0,0-0,0-0,0-0,0-0,0-0,0-0,0-0,0-0,0-0,0-0,0-0,0-0,0-0,0-0,0-0,0-0,0-0,0-0,0-0,0-0,0-0,0-0,0-0,0-0,0-0,0-0,0-0,0-0,0-0,0-0,0-0,0-0,0-0,0-0,0-0,0-0,0-0,0-0,0-0,0-0,0-0,0-1,0-0,1-0,0-0,0-0,0-0,0-0,0-0,0-0,0-0,0-0,0-0,0-0,0-0,0-0,0-0,N/A,0-0,0-0,0-0,0-0,0-0,0-0,0-0,0-0,0-0,0-0,0-0,0-0,0-0,0-0,0-0,0-0,0-0,0-0,0-0,0-0,0-0,
sfat,0-0,1-1,1-0,0-1,0-0,0-0,1-0,0-0,0-0,1-0,0-0,0-0,0-0,0-0,0-0,0-0,0-0,0-0,1-0,0-0,0-0,1-0,0-0,0-0,1-0,0-0,1-0,1-0,0-1,0-0,0-0,0-0,0-0,0-0,0-0,0-0,0-0,0-0,0-0,0-0,0-3,0-0,0-0,0-0,0-0,1-0,0-0,0-0,0-2,1-0,1-0,0-0,0-0,0-0,0-0,0-0,0-0,0-0,0-0,0-0,0-0,0-0,0-0,0-0,0-0,0-0,1-3,0-0,1-0,0-0,0-0,0-0,0-0,2-0,0-0,0-0,N/A,0-0,0-0,0-0,0-0,0-0,0-0,0-0,1-0,0-0,0-0,1-0,0-0,0-0,0-0,0-0,1-2,0-1,1-0,1-0,0-0,
sfop,0-0,0-0,0-1,0-0,0-0,0-0,0-1,0-0,0-0,0-0,0-0,0-0,0-0,0-0,0-0,0-0,0-0,0-0,0-0,0-0,0-1,0-0,0-0,0-0,0-0,0-0,0-0,0-0,0-0,0-0,0-0,0-0,0-0,0-0,0-0,0-0,0-0,0-0,0-0,0-0,0-1,0-0,0-0,0-0,0-1,0-0,0-0,0-0,0-1,0-0,0-0,0-0,0-0,0-0,0-0,0-0,0-0,0-0,0-0,0-0,1-0,0-0,0-0,0-0,0-0,0-0,0-0,0-0,0-0,0-0,0-0,0-0,0-0,1-0,0-0,0-0,0-0,N/A,0-0,0-0,0-0,0-0,0-0,0-0,0-0,0-0,0-0,0-0,0-0,0-0,0-0,0-0,0-0,0-0,0-0,1-0,0-0,
shroomed,0-0,0-0,0-0,0-0,0-1,0-0,0-0,0-0,0-0,0-1,0-0,0-0,0-0,0-0,0-0,0-0,0-0,0-0,0-0,0-0,0-0,0-0,0-0,0-0,0-0,0-0,0-0,0-0,0-0,0-0,0-0,0-0,0-0,0-0,0-0,0-0,0-0,0-0,0-0,0-0,0-0,0-0,0-0,0-0,0-0,0-0,0-0,0-0,0-0,0-0,0-0,1-0,0-0,0-0,0-0,0-0,0-0,0-0,0-0,0-0,0-0,0-0,0-0,0-1,0-0,0-0,0-0,0-0,0-0,0-1,0-0,0-0,0-0,0-0,0-0,0-0,0-0,0-0,N/A,0-0,0-0,0-0,0-0,0-0,0-0,0-0,0-0,0-0,0-0,0-0,0-0,0-0,0-0,0-0,0-0,0-0,0-0,
skerzo,0-0,0-0,0-0,0-0,0-0,0-0,0-0,0-0,0-0,1-0,1-0,0-0,0-1,0-0,0-0,0-4,0-0,0-0,0-0,0-0,0-0,0-0,0-0,0-0,1-0,0-0,0-0,0-1,0-0,0-0,0-0,0-0,0-0,0-0,0-0,1-0,0-0,0-0,0-1,1-0,0-0,0-0,0-0,0-0,0-0,0-0,0-0,0-0,0-1,0-0,0-0,0-0,0-0,0-0,0-0,0-1,1-0,0-0,0-0,0-0,0-0,0-0,0-0,0-1,0-1,0-0,0-0,0-1,0-0,0-0,0-0,0-0,0-0,0-0,0-0,0-0,0-0,0-0,0-0,N/A,0-0,0-0,0-0,0-0,0-0,0-0,0-0,0-0,0-0,0-0,0-1,0-0,0-0,0-0,0-0,0-1,0-0,
slowking,0-0,0-0,0-0,0-0,0-0,0-0,0-0,0-0,0-0,0-0,0-0,0-0,0-0,0-0,0-0,0-0,0-0,0-0,0-0,0-0,0-0,0-0,0-0,0-1,0-0,0-0,0-0,0-0,0-0,0-0,0-0,0-0,0-0,0-0,0-0,0-0,0-0,0-0,0-0,0-0,0-0,0-0,0-0,0-0,0-1,0-0,0-0,0-0,0-0,0-0,0-0,0-0,0-0,0-0,0-0,0-0,0-0,0-0,0-0,0-0,0-0,0-0,0-0,0-0,0-0,0-0,0-0,0-0,0-0,1-0,0-0,0-0,0-0,0-0,0-0,0-0,0-0,0-0,0-0,0-0,N/A,0-0,0-0,0-0,0-0,0-0,0-0,0-0,0-0,0-0,0-0,0-0,0-0,0-0,0-0,0-0,0-0,
slug,1-0,0-1,0-0,0-0,0-0,0-0,0-0,0-0,0-0,0-0,0-0,0-0,0-0,0-0,0-0,1-0,0-0,0-0,0-0,0-0,0-0,0-0,0-0,0-0,0-0,0-0,0-0,0-0,0-0,0-0,0-0,0-0,2-0,0-0,0-0,0-0,0-0,0-0,0-0,0-0,0-0,0-0,0-0,0-0,0-0,1-0,0-0,0-0,0-0,0-0,0-0,0-0,0-0,0-0,0-0,0-0,0-0,1-0,0-0,0-2,0-0,0-0,0-0,1-0,0-0,0-0,0-0,0-0,0-0,0-0,0-0,0-0,0-0,0-0,0-0,0-0,0-0,0-0,0-0,0-0,0-0,N/A,0-1,0-0,0-0,0-0,0-0,0-0,0-0,0-0,0-0,1-0,0-0,0-0,0-0,0-1,0-0,
smashdaddy,0-0,0-0,0-0,0-0,0-0,0-0,0-0,0-0,0-0,0-0,0-0,0-0,0-0,0-0,0-0,0-0,0-0,0-0,0-0,0-0,0-0,0-0,0-0,0-0,0-0,0-0,0-0,0-0,0-1,0-0,0-0,0-0,0-0,0-0,0-0,0-0,0-0,0-0,0-0,0-0,0-0,0-0,0-0,0-0,0-0,0-0,0-0,0-0,0-0,0-0,0-0,0-0,0-0,0-0,0-0,0-0,0-0,0-0,0-0,0-0,0-0,0-0,0-0,0-0,0-0,0-0,0-0,0-0,0-0,0-0,0-0,0-0,0-0,0-0,0-0,0-0,0-0,0-0,0-0,0-0,0-0,1-0,N/A,0-0,0-0,0-0,0-0,0-0,0-0,0-0,0-0,0-0,0-0,0-0,1-0,0-1,0-0,
sock,0-0,0-0,0-0,0-0,0-0,0-0,0-0,0-0,0-0,0-0,0-0,0-0,0-0,0-0,0-0,0-0,0-0,0-0,0-0,0-0,0-0,0-1,0-0,0-0,0-0,0-0,0-0,0-0,0-1,0-0,0-0,0-0,0-0,0-0,0-0,0-0,0-0,0-0,0-0,0-0,0-0,0-0,0-0,0-0,0-0,0-0,0-0,1-0,0-0,0-0,0-0,0-0,0-0,0-0,0-0,0-0,0-0,0-0,1-0,0-0,0-0,0-0,0-0,0-0,0-0,0-0,0-0,0-0,0-0,0-0,0-0,0-0,0-0,0-0,0-0,0-0,0-0,0-0,0-0,0-0,0-0,0-0,0-0,N/A,0-0,0-0,0-0,0-0,0-0,0-0,0-0,0-0,0-0,0-0,0-0,0-0,0-0,
sora/joshman,0-0,0-0,0-0,0-0,0-0,0-0,1-0,1-0,0-0,0-0,0-0,0-0,0-0,0-0,0-0,0-0,0-0,0-0,0-1,0-0,0-0,0-0,0-0,0-0,0-0,0-0,0-0,1-0,0-0,0-0,0-0,0-0,0-0,0-1,0-0,0-0,0-0,0-0,0-0,0-0,0-1,0-0,0-0,0-0,0-0,0-0,0-0,0-0,0-0,0-0,0-0,0-0,0-0,0-0,0-0,0-0,0-0,0-0,0-0,0-0,1-0,0-0,0-0,0-0,0-0,0-0,0-0,0-0,0-0,0-0,0-0,0-0,0-0,0-0,0-0,0-0,0-1,0-0,0-0,0-0,0-0,0-0,0-0,0-0,N/A,0-0,0-1,0-0,0-0,0-1,0-0,0-0,0-0,0-1,0-0,0-0,0-0,
spark,0-0,0-0,0-0,0-0,0-0,0-0,0-0,0-0,0-0,0-0,0-0,0-0,0-0,0-1,0-0,0-0,0-0,0-0,1-0,0-0,0-0,0-0,0-0,0-0,0-0,0-0,0-0,0-0,0-0,0-0,0-0,0-0,0-0,0-0,0-0,0-0,0-0,0-0,0-0,0-0,0-0,0-0,0-0,0-0,0-0,0-0,2-1,0-0,0-0,0-0,0-0,0-0,0-0,0-0,0-0,0-0,0-0,0-0,0-0,0-0,0-0,0-0,0-0,0-0,0-0,0-1,0-0,0-1,0-0,1-0,0-0,0-0,0-0,0-0,0-0,0-0,0-0,0-0,0-0,0-0,0-0,0-0,0-0,0-0,0-0,N/A,0-0,0-0,0-0,0-0,0-0,0-0,0-0,0-0,0-0,0-0,0-0,
swift,0-0,0-0,0-0,0-0,0-0,0-0,0-0,0-1,0-0,0-0,0-0,0-0,0-0,0-0,0-0,0-0,0-0,0-0,0-0,0-0,0-0,0-0,0-0,0-0,0-0,0-0,0-0,0-0,0-1,0-1,0-0,0-0,0-0,0-0,0-0,0-0,0-0,0-0,0-0,0-0,0-0,0-0,0-0,0-1,0-0,0-1,0-0,0-0,0-0,0-1,0-0,0-0,0-0,0-0,0-0,0-0,0-0,0-0,0-0,0-0,1-0,0-0,0-0,0-0,0-0,0-1,0-0,0-0,0-0,0-0,0-0,0-0,0-0,0-0,0-0,0-0,0-0,0-0,0-0,0-0,0-0,0-0,0-0,0-0,1-0,0-0,N/A,0-0,0-0,0-0,0-0,0-0,0-0,0-0,0-0,0-0,0-0,
tai,0-0,0-0,0-0,0-0,0-0,0-0,0-0,0-0,1-0,1-0,0-0,0-0,0-0,0-0,0-0,0-0,0-0,0-0,0-0,0-0,0-0,0-1,0-1,0-0,0-0,0-0,0-0,0-0,0-0,0-0,0-0,0-0,0-0,0-0,0-0,0-0,0-1,0-0,0-0,0-0,0-0,0-0,0-0,0-0,0-0,0-0,0-0,0-0,0-0,0-0,0-0,0-0,0-0,0-0,0-0,0-0,0-0,0-0,0-0,0-0,0-1,0-0,0-0,0-0,0-0,0-0,0-0,0-0,0-0,0-0,0-0,0-0,0-0,0-0,0-0,0-0,0-1,0-0,0-0,0-0,0-0,0-0,0-0,0-0,0-0,0-0,0-0,N/A,0-0,0-0,0-0,0-0,0-0,0-0,0-0,0-0,0-0,
theswooper,0-1,0-0,0-0,0-0,0-0,0-0,0-0,0-0,0-0,0-0,0-0,0-1,0-0,0-1,0-0,0-2,0-0,0-0,0-0,0-0,0-0,0-0,0-0,0-0,0-0,0-0,0-0,0-0,0-0,0-0,0-0,0-0,0-0,0-0,0-0,0-0,0-0,0-1,0-0,0-1,0-0,0-0,0-0,0-0,0-0,0-1,0-0,0-0,0-0,0-0,0-0,0-1,0-0,0-0,0-0,0-0,1-1,0-0,0-0,0-0,0-0,0-0,0-0,0-0,0-0,0-0,0-0,0-3,0-0,0-0,0-1,0-0,1-1,0-0,0-0,0-0,0-0,0-0,0-0,0-0,0-0,0-0,0-0,0-0,0-0,0-0,0-0,0-0,N/A,0-0,2-0,2-0,0-0,0-0,1-1,0-0,0-0,
trif,0-0,1-0,0-0,1-0,0-0,0-0,1-0,1-0,0-0,0-0,0-0,0-0,0-0,0-0,0-0,0-0,0-0,0-0,2-0,0-0,0-0,0-0,0-0,0-0,0-0,1-0,0-0,0-0,0-0,0-0,0-0,1-0,0-0,0-0,0-0,0-0,0-0,0-0,0-0,0-0,0-0,0-0,0-0,0-2,0-0,0-0,0-0,0-0,0-0,0-0,0-0,0-0,0-0,0-0,0-0,0-0,0-0,0-0,1-0,0-0,0-0,0-0,0-0,0-0,0-0,1-0,0-0,0-1,0-0,0-0,0-0,0-0,0-0,0-0,0-0,0-0,0-0,0-0,0-0,0-0,0-0,0-0,0-0,0-0,1-0,0-0,0-0,0-0,0-0,N/A,0-0,0-0,0-1,0-0,0-0,0-0,0-0,
wally,0-0,0-0,0-0,0-0,0-0,0-0,0-1,0-1,0-0,0-0,0-1,0-0,0-0,0-0,0-0,1-0,0-0,0-0,0-0,0-0,0-0,0-0,1-0,0-0,0-0,0-0,0-0,0-1,0-0,0-1,0-0,0-0,1-0,0-0,0-0,0-0,0-0,0-0,0-0,0-0,0-0,0-0,1-0,0-0,0-0,0-0,0-0,0-1,0-0,0-0,0-0,0-1,0-0,0-0,0-0,1-1,1-0,0-0,0-0,0-1,0-0,0-0,0-0,0-0,0-0,0-0,0-0,0-1,0-0,0-0,0-0,0-0,0-0,0-0,0-0,0-0,0-0,0-0,0-0,1-0,0-0,0-0,0-0,0-0,0-0,0-0,0-0,0-0,0-2,0-0,N/A,0-2,0-0,0-0,1-1,0-0,0-0,
warmmer,0-0,1-1,0-0,0-0,0-0,0-0,0-0,0-0,0-0,0-0,0-0,0-0,1-0,0-0,0-0,0-0,0-0,1-0,0-0,0-0,0-0,0-0,0-0,0-0,0-0,0-0,0-0,0-0,0-0,0-0,0-0,0-0,0-1,0-0,0-0,0-0,0-0,0-1,0-0,0-0,0-0,0-0,0-0,0-0,0-0,0-0,0-0,0-0,0-1,0-0,0-0,0-0,0-0,0-0,0-0,0-0,0-0,0-0,0-0,0-0,0-0,0-0,0-0,0-0,0-0,0-0,0-0,0-0,0-0,0-0,0-1,0-0,1-0,0-0,0-0,0-0,0-0,0-0,0-0,0-0,0-0,0-1,0-0,0-0,0-0,0-0,0-0,0-0,0-2,0-0,2-0,N/A,0-0,0-0,0-1,0-0,0-0,
wizzrobe,0-0,2-0,0-0,1-0,0-0,1-0,2-0,0-1,0-0,0-0,0-0,0-0,0-0,1-0,0-0,0-0,1-0,0-0,0-0,0-0,0-0,0-0,0-0,2-0,0-0,1-0,0-0,3-0,4-1,0-2,0-0,0-0,0-0,0-0,0-0,0-0,0-0,0-0,0-0,0-0,1-0,0-0,0-0,1-0,2-0,1-0,1-0,0-0,1-1,0-2,0-0,0-0,1-0,0-0,0-0,0-0,0-0,0-1,0-0,0-0,1-0,0-0,0-0,0-0,0-0,0-0,0-3,1-0,0-0,0-0,0-0,0-0,0-0,0-0,0-0,0-0,2-1,0-0,0-0,0-0,0-0,0-0,0-0,0-0,0-0,0-0,0-0,0-0,0-0,1-0,0-0,0-0,N/A,0-0,0-0,0-0,0-0,
zain,0-0,1-0,0-0,1-0,0-0,0-0,0-0,0-0,0-0,0-0,0-0,0-0,0-0,1-0,0-0,0-0,0-0,0-0,0-0,0-0,0-0,0-0,0-0,0-0,0-0,0-0,1-0,1-0,2-0,2-1,0-0,0-0,0-0,0-0,0-0,0-0,0-0,0-0,0-0,0-0,2-0,0-0,0-0,0-0,0-0,0-0,0-0,0-0,0-0,1-3,0-0,0-0,0-0,0-0,0-0,0-0,0-0,1-0,0-0,0-0,0-0,0-0,0-0,0-0,0-0,0-0,1-0,1-0,0-0,0-0,0-0,0-0,0-0,0-0,0-0,0-0,1-0,0-0,0-0,0-0,0-0,0-0,0-0,0-0,1-0,0-0,0-0,0-0,0-0,0-0,0-0,0-0,0-0,N/A,1-0,0-0,0-0,
zamu,0-0,0-1,0-0,0-0,0-0,0-0,0-1,1-1,0-0,1-0,0-0,0-0,0-0,0-0,0-0,1-0,0-0,0-0,0-0,0-0,0-0,0-0,0-0,0-0,0-1,0-0,1-0,0-0,0-1,0-0,0-0,0-0,2-0,0-0,0-0,0-0,0-0,0-0,0-0,0-0,0-0,0-0,0-0,0-0,0-1,1-0,0-0,0-0,1-1,0-0,0-0,2-1,0-0,2-0,0-0,0-1,2-0,0-0,0-0,0-0,0-0,0-0,0-0,0-0,0-0,0-0,0-0,0-1,0-1,0-1,0-0,0-0,0-0,0-1,0-0,0-0,0-1,0-0,0-0,0-0,0-0,0-0,0-1,0-0,0-0,0-0,0-0,0-0,1-1,0-0,1-1,1-0,0-0,0-1,N/A,0-0,0-0,
zealot,0-0,0-0,0-0,0-0,0-0,0-0,0-1,0-0,0-0,1-0,0-0,0-0,0-0,0-0,0-0,0-0,0-0,0-0,0-0,1-0,0-0,0-0,0-0,0-0,0-0,0-0,0-0,0-1,0-0,0-0,0-0,0-0,0-0,0-0,0-0,0-0,0-0,0-0,0-0,0-0,0-0,0-0,0-0,0-0,0-0,0-0,0-0,0-0,0-0,0-0,0-0,0-0,0-0,0-0,0-0,0-0,0-0,0-0,0-0,0-0,0-0,0-0,0-0,0-0,0-0,0-0,0-0,0-0,0-0,0-0,0-0,0-0,0-0,0-0,0-0,0-0,0-1,0-1,0-0,1-0,0-0,1-0,1-0,0-0,0-0,0-0,0-0,0-0,0-0,0-0,0-0,0-0,0-0,0-0,0-0,N/A,0-0,
zuppy,0-0,0-0,0-0,0-0,0-0,0-0,0-0,0-0,0-0,0-0,0-0,0-0,0-0,0-0,1-0,0-0,0-0,0-0,0-0,0-0,0-0,0-0,0-0,0-0,0-0,0-0,0-0,0-0,0-0,0-0,0-0,0-0,0-0,0-0,0-0,0-0,0-0,0-0,0-0,0-0,0-0,0-0,0-0,0-0,0-0,0-0,0-0,0-0,0-0,0-0,0-0,0-0,0-0,0-0,0-0,0-0,0-0,0-3,0-0,0-0,0-0,0-0,0-0,0-0,0-0,0-0,0-0,0-0,0-0,0-0,0-0,0-0,0-0,0-0,0-0,0-0,0-0,0-0,0-0,0-0,0-0,0-0,0-0,0-0,0-0,0-0,0-0,0-0,0-0,0-0,0-0,0-0,0-0,0-0,0-0,0-0,N/A,
