ETossed,Hungrybox,Leffen,Mang0,Axe,Wizzrobe,Zain,aMSa,Plup,iBDW,Mew2King,S2J,Fiction,SFAT,moky,n0ne/ Bond / wizzyfan109,Trif,Faceroll,Ginger,Spark,lloD,KJH,Shroomed,Medz,Professor Pro,2saint,2saint,Gahtzu,Albert,FatGoku,Rishi,Magi,Morsecode762,Zamu,Drephen,Michael,Ice,billybopeep,Colbol,Kalamazhu,Aura,Nut,Kalvar,Polish,Tai,KoDoRiN,Free Palestine,Ryobeat,Luigi Ka-Master,Kurv,Frenzy,bobby big ballz,Nicki,Rocky,Panda,TheSWOOPER,Azel,Fizz,Krudo,Smashdaddy,Sora/Joshman,Wevans,Aklo,Android 0,Ben,Bones,Captain Smuckers,Chape,Chem,Dacky,Eddy Mexico,Eggy,Far!,Flash,Jah Ridin',Jflex,Jmook,Juicebox,Justus,Khryke,Logan,Lucky,Mekk,Mot$,NoFluxes,null,Palpa,Pappi,Pipsqueak,Ringler,SDJ,Secrets,SFOP,Skerzo,Slowking,SluG,Sock,Swift,Wally,Warmmer,Zealot,Zuppy,Other losses
Hungrybox,N/A,0-1,0-2,0-0,1-4,0-2,1-1,0-1,1-3,0-0,1-0,1-0,1-0,1-0,1-0,0-0,0-0,2-0,0-0,1-0,0-0,0-0,0-0,0-0,1-0,0-0,0-0,0-0,0-0,0-0,2-0,0-0,1-0,0-0,0-0,0-0,0-0,0-0,0-0,0-0,0-0,0-0,0-2,0-0,3-0,1-0,0-0,1-0,0-0,0-0,0-0,1-0,0-0,0-0,0-0,0-0,0-0,0-0,1-0,0-0,0-0,0-0,0-0,1-0,0-0,0-0,0-0,0-0,0-0,0-0,1-0,0-0,0-0,0-0,0-0,0-0,0-0,0-0,0-0,0-0,0-0,0-0,0-0,0-0,0-0,0-0,0-0,1-0,0-0,1-0,0-0,0-0,0-0,0-0,0-0,1-0,1-0,0-0,0-0,0-0,0-0,,
Leffen,1-0,N/A,0-1,0-0,0-1,0-0,0-0,0-0,0-1,0-0,0-0,0-0,0-0,0-0,0-0,2-0,0-0,0-0,0-0,0-0,0-0,0-0,0-0,0-0,0-0,0-0,0-0,0-0,0-0,0-0,1-0,0-0,0-0,0-0,0-0,1-0,0-0,0-0,0-0,0-0,0-0,0-0,0-0,0-0,0-0,0-0,0-0,0-0,0-0,0-0,0-0,1-0,0-0,0-0,0-0,0-0,0-0,0-0,0-0,0-0,0-0,0-0,0-0,0-0,0-0,0-0,0-0,0-0,0-0,0-0,0-0,0-0,0-0,1-0,0-0,0-0,0-0,0-0,0-0,0-0,0-0,0-0,0-0,0-0,1-0,0-0,0-0,1-0,0-0,0-0,0-0,0-0,0-0,0-0,0-0,0-0,1-0,0-0,0-0,0-0,0-0,,
Mang0,2-0,1-0,N/A,0-0,2-0,3-1,0-2,1-1,1-1,0-0,0-0,0-0,0-1,2-0,1-0,0-0,0-0,0-0,0-0,0-0,0-0,0-0,0-0,0-0,0-0,0-0,0-0,0-0,0-0,0-0,0-0,0-0,0-0,0-0,0-0,0-0,0-0,0-0,0-0,0-0,0-0,0-0,0-0,0-0,2-0,1-0,0-0,0-0,0-0,0-0,0-0,0-0,0-0,0-0,0-0,0-0,0-0,0-0,0-0,0-0,0-0,0-0,0-0,0-0,0-0,0-0,0-0,0-0,0-0,0-0,0-0,0-0,0-0,0-0,0-0,0-0,0-0,0-0,0-0,0-0,0-0,0-0,0-0,0-0,0-0,0-0,0-0,0-0,0-0,0-0,0-0,0-0,0-0,0-0,0-0,0-0,1-0,0-0,0-0,0-0,0-0,,
Axe,0-0,0-0,0-0,N/A,0-2,0-0,1-0,0-1,0-2,0-0,0-0,0-0,0-1,0-0,0-0,0-1,2-0,0-2,0-0,0-0,0-0,0-0,0-0,0-0,1-0,0-0,0-0,0-0,0-0,0-0,0-0,0-0,1-0,0-0,0-0,0-0,0-0,0-0,0-0,0-0,0-0,0-0,0-0,0-0,2-0,0-0,0-0,0-0,1-0,0-0,1-0,0-0,0-0,0-0,0-0,0-0,0-0,1-0,0-0,0-1,0-0,0-1,1-0,1-0,0-0,0-0,0-0,0-0,0-0,0-0,0-0,0-0,0-0,0-0,1-0,0-0,0-0,0-0,0-0,2-0,0-0,0-0,1-0,2-0,0-0,0-0,0-0,0-0,0-0,0-0,0-1,1-0,0-0,0-0,0-0,0-0,0-0,1-0,0-0,1-0,0-0,,
Wizzrobe,4-1,1-0,0-2,2-0,N/A,0-0,1-0,0-3,0-2,1-0,0-0,0-0,2-1,0-0,0-1,1-0,0-0,3-0,0-0,2-0,0-0,0-0,0-0,0-0,0-0,0-0,0-0,0-0,0-0,0-0,1-1,0-0,0-0,0-0,0-0,0-0,0-0,1-0,0-0,1-0,0-0,0-0,1-0,0-0,1-0,0-0,0-0,0-0,0-0,1-0,0-0,0-0,0-0,0-0,0-0,0-0,0-0,0-0,0-0,0-0,1-0,2-0,0-0,0-1,0-0,0-0,0-0,0-0,0-0,1-0,0-0,0-0,2-0,0-0,0-0,0-0,0-0,0-0,0-0,1-0,1-0,0-0,0-0,0-0,1-0,0-0,0-0,0-0,0-0,0-0,0-0,0-0,0-0,0-0,0-0,0-0,0-0,0-0,0-0,0-0,0-0,,
Zain,2-0,0-0,1-3,0-0,0-0,N/A,1-0,1-0,2-1,0-0,0-0,0-0,1-0,0-0,1-0,0-0,0-0,1-0,0-0,0-0,0-0,0-0,0-0,0-0,0-0,0-0,1-0,0-0,0-0,0-0,0-0,0-0,1-0,0-0,0-0,0-0,0-0,1-0,0-0,0-0,0-0,0-0,1-0,0-0,2-0,0-0,0-0,0-0,0-0,0-0,0-0,0-0,0-0,0-0,0-0,0-0,0-0,0-0,0-0,1-0,0-0,1-0,0-0,0-0,0-0,0-0,0-0,0-0,0-0,0-0,0-0,0-0,0-0,0-0,0-0,0-0,0-0,0-0,0-0,0-0,0-0,0-0,0-0,0-0,0-0,0-0,0-0,0-0,0-0,0-0,0-0,0-0,0-0,0-0,0-0,0-0,0-0,0-0,0-0,0-0,0-0,,
aMSa,1-1,0-0,2-0,0-1,0-1,0-1,N/A,0-1,0-1,0-0,0-0,0-0,1-0,0-0,1-0,0-1,0-0,0-0,0-0,1-0,0-0,0-0,0-0,0-0,0-0,0-0,1-0,0-0,0-0,0-0,0-0,0-0,0-0,0-0,0-0,0-0,0-0,0-0,1-0,0-0,0-0,0-0,0-0,0-0,0-0,1-0,0-0,0-0,0-0,0-0,0-0,0-0,0-0,0-0,0-0,0-0,0-0,0-0,0-0,0-0,0-0,1-0,0-0,0-0,0-0,0-0,0-0,0-0,0-0,0-0,0-0,1-0,0-0,0-0,0-0,1-0,0-0,0-0,0-0,0-0,0-0,0-0,0-0,0-0,0-0,0-0,0-0,0-0,0-0,0-0,0-0,0-0,0-0,0-0,0-0,0-0,0-0,0-0,0-0,0-0,0-0,,
Plup,1-0,0-0,1-1,1-0,3-0,0-1,1-0,N/A,1-2,0-0,0-0,1-0,3-1,0-0,0-0,0-0,2-0,1-0,0-0,0-0,0-0,0-0,1-0,0-0,1-0,0-0,0-0,0-0,0-0,0-0,0-0,0-0,0-0,0-0,0-0,1-0,1-0,0-0,0-0,0-0,0-0,0-0,0-0,0-0,3-0,0-0,0-0,0-0,0-0,0-0,0-0,0-0,0-0,0-0,0-0,0-0,0-0,0-0,0-0,0-0,0-0,1-0,0-0,0-0,0-0,0-0,0-0,0-0,0-0,0-0,0-0,0-0,0-0,0-0,0-0,0-0,1-0,0-0,0-0,0-0,0-0,0-0,0-0,0-0,0-0,0-0,0-0,1-0,0-0,0-0,0-0,0-0,0-0,0-0,0-0,0-0,0-0,0-0,0-0,0-0,0-0,,
iBDW,3-1,1-0,1-1,2-0,2-0,1-2,1-0,2-1,N/A,0-0,0-0,0-0,0-0,0-0,0-0,0-0,0-0,0-1,0-0,0-0,0-0,0-0,1-0,0-0,2-0,0-0,1-0,1-0,0-0,0-0,0-0,0-0,0-0,0-0,0-0,0-0,0-0,1-0,0-0,0-0,0-0,0-0,1-1,0-0,0-1,0-0,0-0,0-0,0-0,0-0,0-0,0-0,0-0,1-0,0-0,0-0,0-0,1-0,0-0,0-0,0-0,0-0,0-0,0-0,0-0,0-0,0-0,0-0,1-0,0-0,0-0,0-0,0-0,0-0,0-0,0-0,0-0,0-0,0-0,2-0,0-0,0-0,0-0,0-0,0-0,0-0,0-0,1-0,0-0,0-0,0-0,0-0,0-0,0-0,0-0,0-0,1-0,1-0,0-0,0-0,0-0,,
Mew2King,0-0,0-0,0-0,0-0,0-1,0-0,0-0,0-0,0-0,N/A,0-0,0-0,0-0,0-0,0-0,0-0,0-0,0-0,0-0,0-0,0-0,0-0,0-0,0-0,0-0,0-0,0-0,0-0,0-0,0-0,0-0,0-0,0-0,0-0,0-0,0-0,0-0,0-0,0-0,1-0,0-0,0-0,0-0,0-0,0-1,0-0,0-0,0-0,0-0,1-0,0-0,0-0,0-0,0-0,0-0,0-0,0-0,0-1,0-0,0-0,0-0,0-0,0-0,0-0,0-0,0-0,0-0,0-0,0-0,0-0,0-0,0-0,0-0,0-0,1-0,0-0,0-0,0-0,0-0,0-0,0-0,1-0,0-0,0-0,0-0,0-0,0-0,0-0,0-0,0-0,0-0,0-0,0-0,0-0,0-0,0-0,0-0,0-0,0-0,0-0,0-0,,
S2J,0-1,0-0,0-0,0-0,0-0,0-0,0-0,0-0,0-0,0-0,N/A,0-2,0-2,0-0,1-0,0-0,0-0,0-0,0-0,0-0,0-0,0-0,0-0,0-0,0-0,0-0,0-1,1-0,0-0,0-0,0-0,0-0,1-0,0-0,0-0,0-0,0-0,0-0,1-0,1-0,0-0,0-0,0-0,0-0,0-0,0-0,0-0,0-0,0-0,0-0,0-0,0-0,0-0,0-0,0-0,0-0,1-0,0-0,0-0,0-0,0-0,0-0,1-0,0-0,0-0,0-0,0-0,0-0,0-0,0-0,0-0,0-0,0-0,0-0,0-0,0-0,0-0,0-0,0-0,0-0,1-1,0-0,0-0,1-0,1-0,1-0,0-0,0-0,1-0,0-0,0-0,0-1,0-0,0-0,0-0,0-0,0-0,0-0,0-0,0-0,0-0,,
Fiction,0-1,0-0,0-0,0-0,0-0,0-0,0-0,0-1,0-0,0-0,2-0,N/A,0-1,0-0,1-0,0-0,0-1,0-1,0-0,0-0,0-0,0-0,1-0,0-0,0-0,0-0,0-0,0-0,0-1,0-0,0-0,0-0,0-0,0-0,0-0,0-0,0-0,0-1,0-0,0-0,0-0,0-0,0-0,1-0,0-1,0-0,0-0,2-0,0-0,0-0,1-0,0-1,1-0,0-0,0-0,0-0,0-0,0-0,0-0,0-0,0-0,0-0,1-1,0-0,0-0,0-0,0-0,0-0,0-0,0-0,0-0,0-0,0-0,0-0,1-0,0-0,0-0,0-0,0-0,0-0,1-0,0-0,0-0,0-0,0-0,0-0,0-0,0-0,0-0,0-0,0-0,0-0,0-0,0-0,0-0,1-0,0-0,0-0,0-0,0-0,0-0,,
SFAT,0-1,0-0,1-0,1-0,1-2,0-1,0-1,1-3,0-0,0-0,2-0,1-0,N/A,0-0,0-0,0-0,1-0,1-0,0-0,0-0,0-0,0-0,1-0,1-0,0-0,0-0,1-0,1-0,0-0,0-0,0-2,0-0,1-0,0-0,0-0,0-0,0-0,0-0,0-0,0-0,0-0,0-0,0-0,1-0,0-3,1-0,0-0,0-0,0-0,0-0,1-0,0-0,0-0,0-0,0-0,0-0,0-0,0-0,0-0,1-0,0-0,1-1,0-0,0-0,0-0,0-0,0-0,0-0,0-0,0-0,0-0,0-0,0-0,0-0,0-0,0-0,0-0,0-0,0-0,1-0,0-0,0-0,0-0,0-0,0-0,0-0,0-0,0-0,0-0,0-0,0-0,0-0,0-0,0-0,0-0,0-0,0-0,0-0,0-0,1-0,0-0,,
moky,0-1,0-0,0-2,0-0,0-0,0-0,0-0,0-0,0-0,0-0,0-0,0-0,0-0,N/A,2-0,0-0,0-0,0-0,0-0,0-0,0-0,0-0,0-0,0-0,1-0,0-0,0-0,0-0,0-0,0-0,0-0,0-0,0-0,0-0,0-0,0-0,0-0,0-0,0-0,0-0,0-0,0-0,0-0,0-0,0-1,0-0,0-0,0-0,0-0,0-0,0-0,0-0,0-0,0-0,0-0,0-0,0-0,0-0,0-0,0-0,0-0,0-0,0-0,0-0,0-0,0-0,0-0,0-0,0-0,0-0,0-0,0-0,0-0,0-0,0-0,0-0,0-0,0-0,0-0,0-1,0-0,0-0,0-0,0-0,0-0,0-0,0-0,0-0,0-0,0-0,0-0,0-0,0-0,0-0,0-0,0-0,0-0,0-0,0-0,0-0,0-0,,
n0ne/ Bond / wizzyfan109,0-1,0-0,0-1,0-0,1-0,0-1,0-1,0-0,0-0,0-0,0-0,0-1,0-0,0-2,N/A,0-0,0-0,0-0,0-0,0-1,0-0,0-0,0-0,0-0,0-1,0-0,0-0,0-0,0-0,0-0,0-0,0-0,0-0,0-0,0-0,0-0,0-0,0-0,0-0,0-0,1-0,0-0,0-0,0-0,1-1,0-0,0-0,0-0,0-0,0-0,0-0,0-0,0-0,0-0,0-0,0-0,0-0,0-0,0-0,0-0,0-0,1-1,0-0,1-0,0-0,0-0,0-0,0-0,0-0,0-0,0-0,0-0,0-0,0-0,0-0,0-0,0-0,0-0,0-0,0-0,0-0,0-0,0-0,0-0,0-0,0-0,0-0,0-0,0-0,0-0,0-0,0-0,0-0,0-0,0-0,0-0,0-0,0-0,0-0,0-0,3-0,,
Trif,0-0,0-2,0-0,1-0,0-1,0-0,1-0,0-0,0-0,0-0,0-0,0-0,0-0,0-0,0-0,N/A,2-0,0-0,0-0,0-0,0-0,0-0,0-0,0-0,0-0,0-0,0-0,0-0,0-0,0-0,0-0,0-0,0-0,0-0,0-0,0-0,0-0,0-0,0-0,0-0,0-0,0-0,0-1,0-0,0-0,0-0,0-0,0-0,0-0,1-0,0-0,1-0,0-0,0-0,0-0,0-0,0-0,0-0,0-0,1-0,0-0,1-0,0-0,1-0,0-0,0-0,0-0,0-0,0-0,0-0,0-0,0-0,0-0,1-0,0-0,0-0,0-0,0-0,0-0,0-0,0-0,0-0,0-0,0-0,0-0,0-0,0-0,1-0,0-0,0-0,0-0,0-0,0-0,0-0,0-0,0-0,0-0,0-0,0-0,0-0,0-0,,
Faceroll,0-0,0-0,0-0,0-2,0-0,0-0,0-0,0-2,0-0,0-0,0-0,1-0,0-1,0-0,0-0,0-2,N/A,0-0,0-1,0-0,1-0,0-0,1-0,0-0,0-0,0-0,0-0,2-0,0-0,0-0,1-0,0-0,0-0,0-0,0-0,0-0,1-0,0-0,2-0,0-0,0-0,0-0,0-0,0-0,2-0,0-0,0-0,0-0,0-0,0-0,0-0,0-0,0-0,0-0,0-0,0-0,0-0,0-0,0-0,1-0,0-0,0-0,0-0,1-0,0-0,0-0,0-0,0-0,0-0,0-0,0-0,0-0,0-0,0-0,1-0,0-0,0-0,0-0,0-0,0-0,0-2,0-0,1-0,0-0,0-0,0-0,0-0,0-0,0-0,0-0,0-0,0-0,0-0,0-0,0-0,0-0,0-0,0-0,0-0,0-0,0-0,,
Ginger,0-2,0-0,0-0,2-0,0-3,0-1,0-0,0-1,1-0,0-0,0-0,1-0,0-1,0-0,0-0,0-0,0-0,N/A,0-0,0-0,0-0,0-0,0-0,0-0,0-0,0-0,0-0,0-0,0-0,0-0,2-1,1-0,0-0,1-0,0-0,1-0,0-0,0-1,0-0,0-0,0-0,0-0,3-1,0-0,0-2,0-0,0-0,0-0,0-0,0-0,0-0,0-0,1-0,0-0,0-0,0-0,0-0,0-0,0-0,0-1,1-0,0-1,0-0,3-0,0-0,0-0,0-0,0-0,0-0,0-0,0-0,0-0,0-1,0-0,0-0,0-0,0-0,0-0,0-0,0-0,0-0,0-0,0-0,0-0,1-0,0-0,0-0,0-0,0-0,1-0,0-0,0-0,1-0,0-0,0-0,0-0,0-0,1-0,0-0,1-0,0-0,,
Spark,0-0,0-0,0-0,0-0,0-0,0-0,0-0,0-0,0-0,0-0,0-0,0-0,0-0,0-0,0-0,0-0,1-0,0-0,N/A,0-0,0-0,0-0,0-0,0-0,0-0,0-0,0-0,0-0,0-0,0-0,0-0,0-0,0-0,0-0,0-0,0-0,0-0,0-1,0-0,0-0,0-0,0-0,0-1,0-0,0-0,0-0,0-0,0-0,0-0,0-0,0-0,0-0,0-0,0-0,0-0,0-0,0-0,0-0,0-0,0-0,0-0,0-0,0-0,0-0,0-0,0-0,0-1,0-0,0-0,0-0,0-0,0-0,0-0,0-0,0-0,0-0,0-0,0-0,0-0,0-0,2-1,0-0,0-0,0-0,0-0,0-0,0-0,0-1,1-0,0-0,0-0,0-0,0-0,0-0,0-0,0-0,0-0,0-0,0-0,0-0,0-0,,
lloD,0-1,0-0,0-0,0-0,0-2,0-0,0-1,0-0,0-0,0-0,0-0,0-0,0-0,0-0,1-0,0-0,0-0,0-0,0-0,N/A,0-0,0-0,0-0,0-0,0-0,0-0,1-1,0-0,0-0,0-0,0-0,0-0,1-0,1-0,0-0,0-0,0-0,0-0,0-0,0-0,0-0,0-0,0-3,0-0,1-0,0-0,0-0,0-0,0-0,0-0,0-0,0-0,0-0,1-0,0-0,0-0,0-0,0-0,0-0,0-0,0-0,0-0,0-0,1-0,0-0,0-0,0-0,0-0,0-0,0-0,0-0,0-0,0-0,1-0,0-0,0-0,0-0,0-0,0-0,0-0,0-0,0-0,0-0,0-0,0-0,0-0,0-0,0-0,0-0,0-0,0-0,1-0,0-0,1-0,0-0,0-0,0-0,0-0,0-0,0-0,0-0,Balloon Day,
KJH,0-0,0-0,0-0,0-0,0-0,0-0,0-0,0-0,0-0,0-0,0-0,0-0,0-0,0-0,0-0,0-0,0-1,0-0,0-0,0-0,N/A,0-0,0-0,0-0,0-0,0-0,0-0,0-0,0-1,0-0,0-0,0-0,0-0,2-0,0-0,0-0,0-0,0-0,0-0,0-0,0-0,0-0,0-0,0-0,0-0,1-0,0-0,0-0,0-0,0-0,0-0,0-0,0-0,0-0,1-0,0-0,0-0,0-0,0-0,0-0,0-0,0-0,0-0,0-0,0-0,0-0,0-0,0-0,0-0,0-0,0-0,0-0,0-0,0-0,0-0,0-0,0-0,0-0,0-0,0-0,0-0,0-1,0-0,0-0,0-0,0-0,0-0,0-0,0-0,0-0,0-0,0-0,0-1,0-0,0-0,0-0,0-0,0-0,0-0,0-0,0-0,,
Shroomed,0-0,0-0,0-0,0-0,0-0,0-0,0-0,0-0,0-0,0-0,0-0,0-0,0-0,0-0,0-0,0-0,0-0,0-0,0-0,0-0,0-0,N/A,0-0,0-0,0-0,0-0,0-0,0-0,0-0,0-0,0-0,0-0,0-0,0-0,0-0,0-0,0-0,0-0,0-0,0-0,0-0,0-0,0-0,0-0,0-0,0-0,0-0,0-0,0-0,0-0,0-1,0-0,0-0,0-1,0-0,0-0,0-0,0-0,0-0,0-0,0-0,0-0,0-1,0-0,0-0,0-0,0-0,0-0,0-0,0-0,0-0,0-0,0-0,0-0,0-0,0-0,0-0,0-0,0-0,0-0,0-0,1-0,0-0,0-0,0-0,0-0,0-0,0-0,0-1,0-0,0-0,0-0,0-0,0-0,0-0,0-0,0-0,0-0,0-0,0-0,0-0,,
Medz,0-0,0-0,0-0,0-0,0-0,0-0,0-0,0-1,0-1,0-0,0-0,0-1,0-1,0-0,0-0,0-0,0-1,0-0,0-0,0-0,0-0,0-0,N/A,0-0,0-0,0-0,0-0,0-0,0-0,0-0,1-0,0-0,0-0,0-0,0-0,0-0,1-0,0-0,0-0,1-0,0-0,0-0,0-0,0-0,0-0,0-0,0-0,0-0,0-0,0-0,1-0,0-0,0-0,0-0,0-0,1-0,0-0,0-0,0-0,0-0,0-0,0-0,0-0,0-0,0-0,0-0,0-0,0-0,0-0,0-0,0-0,1-0,0-0,0-0,0-0,0-0,0-0,0-0,0-0,0-0,0-0,0-0,0-0,0-0,0-0,0-0,0-0,0-0,0-0,1-0,0-0,0-0,0-0,0-0,0-0,0-0,0-0,0-0,0-0,0-0,0-0,,
Professor Pro,0-0,0-0,0-0,0-0,0-0,0-0,0-0,0-0,0-0,0-0,0-0,0-0,0-1,0-0,0-0,0-0,0-0,0-0,0-0,0-0,0-0,0-0,0-0,N/A,0-0,0-0,0-0,0-0,0-0,0-0,0-1,0-0,1-0,0-0,0-0,1-1,0-0,0-0,0-0,0-0,0-0,0-0,0-0,0-0,0-0,0-0,0-0,0-0,0-0,1-3,0-0,0-0,0-0,0-0,0-0,0-0,0-0,0-0,0-0,0-0,0-0,0-0,0-0,0-0,0-0,0-0,0-0,0-0,0-0,0-0,0-0,0-0,0-0,1-0,0-0,0-0,0-0,0-0,0-0,0-0,0-0,0-0,0-0,0-0,0-0,0-0,0-0,0-3,0-0,0-0,0-0,0-0,0-0,0-0,0-0,0-0,0-0,0-0,0-0,0-0,0-0,Kins0,
2saint,0-1,0-0,0-0,0-1,0-0,0-0,0-0,0-1,0-2,0-0,0-0,0-0,0-0,0-1,1-0,0-0,0-0,0-0,0-0,0-0,0-0,0-0,0-0,0-0,N/A,0-0,0-0,0-0,0-0,0-0,0-0,0-0,0-0,0-0,0-0,0-0,0-0,0-1,0-0,0-0,0-0,0-0,0-0,0-0,0-0,0-0,0-0,0-1,0-0,0-0,0-0,0-0,0-0,0-0,1-0,0-0,0-0,0-0,0-0,0-0,0-0,0-1,0-0,0-0,0-0,0-0,0-0,0-0,0-0,0-0,0-0,0-0,0-0,0-0,0-1,0-1,0-0,0-0,0-0,0-1,0-0,0-0,0-0,0-0,0-0,0-0,0-0,0-0,0-0,0-0,0-0,0-0,0-0,0-0,0-1,0-0,0-0,0-0,0-0,0-0,0-0,,
2saint,0-1,0-0,0-0,0-1,0-0,0-0,0-0,0-1,0-2,0-0,0-0,0-0,0-0,0-1,1-0,0-0,0-0,0-0,0-0,0-0,0-0,0-0,0-0,0-0,0-0,N/A,0-0,0-0,0-0,0-0,0-0,0-0,0-0,0-0,0-0,0-0,0-0,0-1,0-0,0-0,0-0,0-0,0-0,0-0,0-0,0-0,0-0,0-1,0-0,0-0,0-0,0-0,0-0,0-0,1-0,0-0,0-0,0-0,0-0,0-0,0-0,0-1,0-0,0-0,0-0,0-0,0-0,0-0,0-0,0-0,0-0,0-0,0-0,0-0,0-1,0-1,0-0,0-0,0-0,0-1,0-0,0-0,0-0,0-0,0-0,0-0,0-0,0-0,0-0,0-0,0-0,0-0,0-0,0-0,0-1,0-0,0-0,0-0,0-0,0-0,0-0,,
Gahtzu,0-0,0-0,0-0,0-0,0-0,0-1,0-1,0-0,0-1,0-0,1-0,0-0,0-1,0-0,0-0,0-0,0-0,0-0,0-0,1-1,0-0,0-0,0-0,0-0,0-0,0-0,N/A,0-0,0-0,0-0,0-2,0-0,0-1,0-0,0-0,0-0,0-0,0-0,0-1,1-0,0-0,0-0,0-0,0-0,0-2,0-0,0-0,0-0,0-0,0-0,1-0,0-0,0-0,0-0,0-0,0-0,0-0,0-0,0-0,0-0,0-0,1-0,0-0,1-0,0-0,0-0,0-0,1-0,0-0,0-0,0-0,2-0,0-0,0-0,0-0,0-1,0-0,0-0,0-0,0-0,1-0,0-0,0-0,0-0,0-0,0-0,0-0,0-0,0-0,0-1,0-0,0-0,0-0,0-0,0-0,0-0,0-0,0-0,0-0,0-0,0-0,,
Albert,0-0,0-0,0-0,0-0,0-0,0-0,0-0,0-0,0-1,0-0,0-1,0-0,0-1,0-0,0-0,0-0,0-2,0-0,0-0,0-0,0-0,0-0,0-0,0-0,0-0,0-0,0-0,N/A,1-0,0-0,0-0,0-0,0-0,0-0,0-0,0-0,0-0,0-0,0-0,0-1,0-0,0-0,0-0,0-0,0-0,0-0,0-0,0-0,1-0,1-0,0-0,0-0,0-0,0-0,0-0,0-0,0-0,0-0,0-0,0-0,0-0,0-0,1-0,0-0,0-0,0-0,0-0,0-0,1-0,1-0,0-0,0-0,0-0,0-0,0-0,0-0,0-0,1-0,0-0,0-0,0-0,0-0,0-0,0-0,0-0,0-1,1-0,0-0,0-0,0-1,1-0,1-0,0-0,0-0,0-0,0-0,0-0,0-0,0-0,0-0,0-0,,
FatGoku,0-0,0-0,0-0,0-0,0-0,0-0,0-0,0-0,0-0,0-0,0-0,1-0,0-0,0-0,0-0,0-0,0-0,0-0,0-0,0-0,1-0,0-0,0-0,0-0,0-0,0-0,0-0,0-1,N/A,0-0,0-0,0-0,0-0,0-0,0-0,0-0,0-0,0-0,0-0,0-0,1-0,0-0,0-0,0-0,0-0,0-0,0-0,0-0,0-0,0-0,0-0,0-0,0-0,0-0,0-0,0-0,0-0,0-0,0-0,0-0,0-0,0-0,0-0,0-0,0-0,0-0,0-0,0-0,0-0,0-0,0-0,0-0,0-0,0-0,0-0,0-0,0-0,0-0,0-0,0-0,0-0,0-0,0-0,0-0,0-0,0-0,0-0,0-0,0-0,0-0,0-0,1-0,0-0,0-0,0-0,0-0,0-0,0-0,0-0,0-0,0-0,Casper,
Rishi,0-0,0-0,0-0,0-0,0-0,0-0,0-0,0-0,0-0,0-0,0-0,0-0,0-0,0-0,0-0,0-0,0-0,0-0,0-0,0-0,0-0,0-0,0-0,0-0,0-0,0-0,0-0,0-0,0-0,N/A,0-0,0-0,0-0,0-0,0-0,0-0,0-0,0-0,0-0,0-0,0-0,0-0,0-0,0-0,0-0,0-0,0-0,0-0,0-0,0-0,0-0,0-0,0-0,0-0,1-0,0-0,0-0,0-0,0-0,0-0,0-0,0-2,0-0,0-0,0-0,0-0,0-0,0-0,0-0,0-0,0-0,0-0,0-0,0-0,0-0,0-0,0-0,0-0,0-0,0-0,0-0,0-0,0-0,0-0,0-0,0-0,0-0,0-0,0-0,0-0,0-0,0-0,0-0,0-0,0-0,0-0,0-0,0-0,1-0,0-0,0-0,,
Magi,0-2,0-1,0-0,0-0,1-1,0-0,0-0,0-0,0-0,0-0,0-0,0-0,2-0,0-0,0-1,0-0,0-1,1-2,0-0,0-0,0-0,0-0,0-1,1-0,0-0,0-0,2-0,0-0,0-0,0-0,N/A,0-0,1-1,0-0,0-0,0-0,0-0,0-0,0-0,0-0,0-0,0-0,0-1,0-0,0-1,0-0,0-0,1-0,0-0,0-0,0-0,0-0,0-0,0-0,0-0,0-0,0-0,0-0,0-0,0-0,0-0,0-0,0-0,0-1,0-0,0-0,0-0,0-0,0-0,0-0,0-0,0-0,0-0,0-0,0-0,0-0,0-0,0-0,0-0,0-0,0-0,0-0,0-0,0-0,1-1,0-0,0-0,1-0,0-0,0-0,0-0,1-0,1-0,0-0,0-0,0-0,0-0,0-0,1-0,0-0,0-0,,
Morsecode762,0-0,0-0,0-0,0-0,0-0,0-0,0-0,0-0,0-0,0-0,0-0,0-0,0-0,0-0,0-0,0-0,0-0,0-1,0-0,0-0,0-0,0-0,0-0,0-0,0-0,0-0,0-0,0-0,0-0,0-0,0-0,N/A,1-0,0-1,0-0,0-0,0-0,0-0,0-0,0-0,0-0,0-0,0-1,0-0,0-0,0-0,0-0,0-0,0-0,0-0,0-0,0-0,0-0,0-0,0-0,0-0,0-0,0-0,0-0,0-0,0-0,0-0,0-0,0-0,0-0,0-0,0-0,0-0,0-0,0-0,0-0,0-0,0-0,0-0,0-0,0-0,0-0,0-0,0-0,0-0,0-0,0-0,1-0,0-0,0-0,0-0,0-0,0-0,0-0,0-0,0-0,0-0,1-0,0-0,0-0,0-0,0-0,1-1,0-0,0-0,0-0,,
Zamu,0-1,0-0,0-0,0-1,0-0,0-1,0-0,0-0,0-0,0-0,0-1,0-0,0-1,0-0,0-0,0-0,0-0,0-0,0-0,0-1,0-0,0-0,0-0,0-1,0-0,0-0,1-0,0-0,0-0,0-0,1-1,0-1,N/A,1-0,2-0,0-0,0-0,0-0,0-0,0-0,0-0,0-0,0-1,0-0,0-0,0-1,0-0,0-0,0-0,0-0,1-0,0-0,0-0,0-0,1-1,0-0,0-0,0-0,0-1,0-0,0-0,0-1,0-0,1-1,0-0,0-0,0-0,0-0,0-0,0-0,0-0,0-0,0-0,0-0,2-0,0-0,0-0,0-0,0-0,1-0,0-0,2-1,2-0,0-0,0-0,0-0,0-0,0-0,0-1,0-0,0-0,0-0,0-0,0-0,0-0,0-0,0-0,1-1,1-0,0-0,0-0,,
Drephen,0-0,0-0,0-0,0-0,0-0,0-0,0-0,0-0,0-0,0-0,0-0,0-0,0-0,0-0,0-0,0-0,0-0,0-1,0-0,0-1,0-2,0-0,0-0,0-0,0-0,0-0,0-0,0-0,0-0,0-0,0-0,1-0,0-1,N/A,0-0,0-0,0-0,0-1,0-0,1-0,0-0,0-0,0-1,0-0,0-0,0-0,0-0,0-0,0-0,0-0,0-0,0-0,0-0,0-0,2-0,0-0,0-0,0-0,0-0,0-0,0-0,0-0,0-0,0-2,0-0,0-0,0-0,0-0,0-0,0-0,0-0,0-0,0-0,0-0,0-0,0-0,0-0,0-0,0-0,0-0,0-0,0-0,0-0,0-0,0-0,0-0,0-0,0-0,1-0,0-1,0-0,0-0,4-0,0-0,0-1,0-0,0-0,0-1,0-0,0-0,0-0,,
Michael,0-0,0-0,0-0,0-0,0-0,0-0,0-0,0-0,0-0,0-0,0-0,0-0,0-0,0-0,0-0,0-0,0-0,0-0,0-0,0-0,0-0,0-0,0-0,0-0,0-0,0-0,0-0,0-0,0-0,0-0,0-0,0-0,0-2,0-0,N/A,0-0,0-0,0-0,0-0,0-0,0-0,0-0,0-1,0-0,0-0,0-0,0-0,0-0,0-0,0-0,0-0,0-0,0-0,0-0,0-0,0-0,1-0,0-0,0-0,0-0,0-0,0-0,0-0,0-0,0-0,0-0,0-0,0-0,0-0,0-0,0-0,0-0,0-0,0-0,0-0,0-0,0-0,0-0,0-0,0-0,0-0,0-0,1-0,0-0,0-0,0-0,0-0,0-0,0-0,0-0,0-0,0-0,0-0,0-0,0-0,0-0,0-0,0-0,0-0,0-0,0-0,"Voo,Blue,Ober",
Ice,0-0,0-1,0-0,0-0,0-0,0-0,0-0,0-1,0-0,0-0,0-0,0-0,0-0,0-0,0-0,0-0,0-0,0-1,0-0,0-0,0-0,0-0,0-0,1-1,0-0,0-0,0-0,0-0,0-0,0-0,0-0,0-0,0-0,0-0,0-0,N/A,0-0,0-0,0-0,0-0,0-0,0-0,0-1,0-0,0-0,0-0,0-0,0-0,0-0,0-1,0-0,0-0,0-0,0-0,0-0,0-0,0-0,0-0,0-0,0-0,0-0,1-0,0-0,0-0,0-0,0-0,0-0,0-0,0-0,0-0,0-0,0-0,0-0,0-0,0-0,0-0,0-0,0-0,0-0,0-0,0-0,0-0,0-0,0-0,0-0,0-0,0-0,1-0,0-0,0-0,0-0,0-0,0-0,0-0,0-0,0-0,0-0,0-0,0-0,0-0,0-0,"Samedwin,CommonEnemy",
billybopeep,0-0,0-0,0-0,0-0,0-0,0-0,0-0,0-1,0-0,0-0,0-0,0-0,0-0,0-0,0-0,0-0,0-1,0-0,0-0,0-0,0-0,0-0,0-1,0-0,0-0,0-0,0-0,0-0,0-0,0-0,0-0,0-0,0-0,0-0,0-0,0-0,N/A,0-0,0-0,0-0,0-0,0-0,0-0,0-1,0-0,0-0,0-0,0-0,0-0,0-0,0-0,0-0,0-0,0-0,0-0,0-0,0-0,0-0,0-0,0-0,0-0,0-0,0-0,0-0,0-0,0-0,0-0,0-0,0-0,0-0,0-0,0-0,0-0,0-0,0-0,0-0,0-0,0-0,0-0,0-0,0-0,0-0,0-0,0-0,0-0,0-0,0-0,0-0,0-0,0-0,0-0,0-0,0-0,0-0,0-0,0-0,0-0,0-0,0-0,0-0,0-0,,
Colbol,0-0,0-0,0-0,0-0,0-1,0-1,0-0,0-0,0-1,0-0,0-0,1-0,0-0,0-0,0-0,0-0,0-0,1-0,1-0,0-0,0-0,0-0,0-0,0-0,1-0,0-0,0-0,0-0,0-0,0-0,0-0,0-0,0-0,1-0,0-0,0-0,0-0,N/A,0-0,0-0,0-0,0-0,0-1,0-0,0-0,0-0,0-0,0-0,0-0,0-0,0-0,0-0,0-0,0-0,1-0,0-0,0-0,0-0,0-0,0-0,0-0,0-1,0-0,0-0,0-0,0-0,1-0,0-0,0-0,0-0,0-0,0-0,0-0,0-0,0-0,0-0,0-0,0-0,0-0,1-0,0-0,0-0,0-0,0-0,0-0,0-0,0-0,0-1,0-0,0-0,0-0,0-0,0-0,0-0,0-0,0-0,0-0,0-0,0-0,0-0,0-0,,
Kalamazhu,0-0,0-0,0-0,0-0,0-0,0-0,0-1,0-0,0-0,0-0,0-1,0-0,0-0,0-0,0-0,0-0,0-2,0-0,0-0,0-0,0-0,0-0,0-0,0-0,0-0,0-0,1-0,0-0,0-0,0-0,0-0,0-0,0-0,0-0,0-0,0-0,0-0,0-0,N/A,0-0,0-0,0-0,0-0,1-0,0-1,0-0,0-0,0-0,0-0,0-0,0-0,0-0,1-0,0-0,0-0,0-0,0-0,0-0,0-0,0-0,0-0,0-0,0-0,0-0,0-0,0-0,0-0,0-0,0-1,0-1,0-0,1-0,0-0,0-0,0-0,0-1,0-0,0-0,0-0,0-0,0-1,0-0,0-0,0-0,0-0,0-0,0-0,0-0,0-0,0-0,0-0,0-0,0-0,0-0,0-0,0-0,0-0,0-0,0-0,0-0,0-0,,
Aura,0-0,0-0,0-0,0-0,0-1,0-0,0-0,0-0,0-0,0-1,0-1,0-0,0-0,0-0,0-0,0-0,0-0,0-0,0-0,0-0,0-0,0-0,0-1,0-0,0-0,0-0,0-1,1-0,0-0,0-0,0-0,0-0,0-0,0-1,0-0,0-0,0-0,0-0,0-0,N/A,0-0,0-0,0-0,0-0,0-1,0-0,0-0,0-0,0-0,0-1,0-0,0-0,0-0,0-0,0-0,0-0,0-0,0-0,0-0,0-0,0-0,0-0,1-0,0-0,0-0,0-0,0-0,0-0,0-0,0-0,0-0,0-0,0-0,0-0,0-0,0-0,0-0,0-0,0-0,0-0,0-0,0-0,0-0,0-0,0-0,0-0,0-0,0-0,0-0,0-0,0-0,0-0,0-0,0-0,0-0,0-0,0-0,0-0,0-0,0-0,0-0,,
Nut,0-0,0-0,0-0,0-0,0-0,0-0,0-0,0-0,0-0,0-0,0-0,0-0,0-0,0-0,0-1,0-0,0-0,0-0,0-0,0-0,0-0,0-0,0-0,0-0,0-0,0-0,0-0,0-0,0-1,0-0,0-0,0-0,0-0,0-0,0-0,0-0,0-0,0-0,0-0,0-0,N/A,0-0,0-0,0-0,0-0,0-0,0-0,0-0,0-0,0-0,0-0,0-0,0-0,0-0,0-0,0-0,0-0,0-0,0-0,0-0,0-0,0-0,0-1,0-0,0-0,0-0,0-0,0-0,0-0,0-0,0-0,0-0,0-0,0-0,0-0,0-0,0-0,0-0,0-0,0-0,0-0,0-0,0-0,0-0,0-0,0-0,0-0,0-0,1-0,0-1,0-1,0-0,0-0,0-0,0-0,0-0,0-0,0-0,0-0,0-0,0-0,Raikin,
Kalvar,0-0,0-0,0-0,0-0,0-0,0-0,0-0,0-0,0-0,0-0,0-0,0-0,0-0,0-0,0-0,0-0,0-0,0-0,0-0,0-0,0-0,0-0,0-0,0-0,0-0,0-0,0-0,0-0,0-0,0-0,0-0,0-0,0-0,0-0,0-0,0-0,0-0,0-0,0-0,0-0,0-0,N/A,0-0,0-0,0-0,0-0,0-0,0-0,0-0,0-0,0-0,0-0,0-0,0-0,1-0,0-0,0-0,0-0,0-0,0-0,0-0,0-0,0-0,0-0,0-0,0-0,0-0,0-0,0-0,0-0,0-1,0-0,0-0,0-0,0-2,0-0,0-0,0-0,0-0,0-0,0-0,0-1,1-1,1-0,0-0,0-0,0-0,0-0,0-0,0-1,0-0,0-0,0-0,0-0,0-0,0-0,0-0,0-0,1-0,0-0,0-0,"JoJo,Kikoho",
Polish,2-0,0-0,0-0,0-0,0-1,0-1,0-0,0-0,1-1,0-0,0-0,0-0,0-0,0-0,0-0,1-0,0-0,1-3,1-0,3-0,0-0,0-0,0-0,0-0,0-0,0-0,0-0,0-0,0-0,0-0,1-0,1-0,1-0,1-0,1-0,1-0,0-0,1-0,0-0,0-0,0-0,0-0,N/A,0-0,0-0,2-1,0-0,0-0,0-0,0-0,0-0,1-0,0-0,0-0,3-0,0-0,0-0,0-0,0-0,0-0,0-0,0-0,0-0,0-1,0-0,0-0,1-0,0-0,0-0,0-0,0-0,0-0,0-0,0-0,0-0,0-0,2-0,0-0,0-0,0-0,0-0,0-0,0-0,0-0,0-0,0-0,0-0,1-1,0-0,0-0,0-0,0-0,1-0,0-0,0-0,0-0,0-0,1-0,0-0,0-0,0-0,,
Tai,0-0,0-0,0-0,0-0,0-0,0-0,0-0,0-0,0-0,0-0,0-0,0-1,0-1,0-0,0-0,0-0,0-0,0-0,0-0,0-0,0-0,0-0,0-0,0-0,0-0,0-0,0-0,0-0,0-0,0-0,0-0,0-0,0-0,0-0,0-0,0-0,1-0,0-0,0-1,0-0,0-0,0-0,0-0,N/A,0-0,0-0,0-0,0-0,0-0,0-0,1-0,0-0,0-0,0-0,0-0,0-0,0-1,0-0,0-0,0-0,0-0,0-0,0-0,0-0,0-0,0-0,0-0,0-0,0-0,0-0,0-0,0-0,0-0,0-0,0-0,0-0,0-0,0-0,0-0,0-0,0-0,0-0,0-0,0-0,0-1,0-0,0-0,0-0,0-0,0-0,0-0,0-0,0-0,0-0,0-0,0-0,0-0,0-0,0-0,0-0,0-0,,
KoDoRiN,0-3,0-0,0-2,0-2,0-1,0-2,0-0,0-3,1-0,2-0,0-0,1-0,3-0,1-0,1-1,0-0,0-2,2-0,0-0,0-1,0-0,0-0,0-0,0-0,0-0,0-0,2-0,0-0,0-0,0-0,1-0,0-0,0-0,0-0,0-0,0-0,0-0,0-0,1-0,1-0,0-0,0-0,0-0,0-0,N/A,0-1,0-0,0-0,0-0,0-0,0-0,0-0,1-0,1-1,0-0,0-0,0-0,0-0,0-0,1-0,0-0,0-0,0-0,0-0,0-0,0-0,0-0,0-0,1-0,0-0,0-0,0-0,0-0,1-0,0-0,0-0,0-0,0-0,0-0,0-0,1-0,0-0,0-0,0-0,0-0,1-0,1-0,0-0,0-0,1-0,0-0,1-0,0-0,0-0,0-0,0-0,0-0,0-0,0-0,0-0,0-0,,
Free Palestine,0-1,0-0,0-1,0-0,0-0,0-0,0-1,0-0,0-0,0-0,0-0,0-0,0-1,0-0,0-0,0-0,0-0,0-0,0-0,0-0,0-1,0-0,0-0,0-0,0-0,0-0,0-0,0-0,0-0,0-0,0-0,0-0,1-0,0-0,0-0,0-0,0-0,0-0,0-0,0-0,0-0,0-0,1-2,0-0,1-0,N/A,0-0,0-0,0-0,0-0,0-0,0-0,0-0,0-0,0-0,0-0,0-0,0-0,0-0,0-0,0-0,0-0,0-0,0-0,0-0,0-0,0-0,0-1,0-0,0-0,0-0,0-0,0-0,0-0,0-0,0-0,0-1,0-0,0-0,0-0,0-0,0-0,0-0,0-0,0-0,0-0,0-0,0-1,0-0,0-0,0-0,0-0,0-1,0-0,0-0,0-0,0-0,0-0,0-0,0-0,0-0,,
Ryobeat,0-0,0-0,0-0,0-0,0-0,0-0,0-0,0-0,0-0,0-0,0-0,0-0,0-0,0-0,0-0,0-0,0-0,0-0,0-0,0-0,0-0,0-0,0-0,0-0,0-0,0-0,0-0,0-0,0-0,0-0,0-0,0-0,0-0,0-0,0-0,0-0,0-0,0-0,0-0,0-0,0-0,0-0,0-0,0-0,0-0,0-0,N/A,0-0,0-0,0-0,0-0,0-0,0-0,0-0,1-1,0-0,0-0,0-0,0-0,0-0,0-0,0-0,0-0,0-0,0-0,0-0,0-0,0-0,0-0,0-0,0-0,0-0,0-0,0-0,0-0,0-0,0-0,0-0,0-0,0-0,0-0,0-0,0-0,0-0,0-0,0-0,0-0,0-0,0-0,0-0,0-0,0-0,0-0,0-0,0-0,0-0,0-0,0-0,0-1,0-0,0-0,,
Luigi Ka-Master,0-1,0-0,0-0,0-0,0-0,0-0,0-0,0-0,0-0,0-0,0-0,0-1,0-0,0-0,0-0,0-0,0-0,0-0,0-0,0-0,0-0,0-0,0-0,0-0,1-0,0-0,0-0,0-0,0-0,0-0,0-1,0-0,0-0,0-0,0-0,0-0,0-0,0-0,0-0,0-0,0-0,0-0,0-0,0-0,0-0,0-0,0-0,N/A,0-0,0-0,0-0,0-1,0-0,0-0,0-0,0-0,0-0,0-0,0-0,0-0,1-0,0-0,0-0,0-0,0-0,0-0,0-0,0-0,0-0,0-0,0-0,0-0,0-0,0-0,0-0,0-0,0-0,0-0,0-0,0-0,0-0,0-0,0-0,0-0,0-0,0-0,0-0,0-0,0-0,0-0,0-0,0-0,0-0,0-0,0-0,0-1,0-0,1-0,0-0,0-0,0-0,,
Kurv,0-0,0-0,0-0,0-1,0-0,0-0,0-0,0-0,0-0,0-0,0-0,0-0,0-0,0-0,0-0,0-0,0-0,0-0,0-0,0-0,0-0,0-0,0-0,0-0,0-0,0-0,0-0,0-1,0-0,0-0,0-0,0-0,0-0,0-0,0-0,0-0,0-0,0-0,0-0,0-0,0-0,0-0,0-0,0-0,0-0,0-0,0-0,0-0,N/A,0-0,0-0,0-0,0-0,0-0,0-0,0-0,0-0,0-0,0-0,0-0,0-0,0-0,0-0,0-0,0-0,0-0,0-0,0-0,0-0,0-0,0-0,0-0,0-0,0-0,0-0,0-0,0-0,0-0,0-0,0-0,0-1,0-0,0-0,0-0,0-0,0-0,0-0,0-0,0-0,0-0,0-0,0-0,0-0,0-0,0-0,0-0,0-0,0-1,0-0,0-0,0-0,,
Frenzy,0-0,0-0,0-0,0-0,0-1,0-0,0-0,0-0,0-0,0-1,0-0,0-0,0-0,0-0,0-0,0-1,0-0,0-0,0-0,0-0,0-0,0-0,0-0,3-1,0-0,0-0,0-0,0-1,0-0,0-0,0-0,0-0,0-0,0-0,0-0,1-0,0-0,0-0,0-0,1-0,0-0,0-0,0-0,0-0,0-0,0-0,0-0,0-0,0-0,N/A,0-0,0-0,0-0,1-0,0-0,0-0,0-0,0-0,0-0,0-0,0-0,0-0,0-0,0-0,0-0,0-0,0-0,0-0,0-0,0-0,0-0,0-0,0-0,0-0,0-0,1-0,0-0,0-0,0-0,0-0,0-0,0-0,0-0,0-0,0-0,0-0,0-0,0-2,0-0,0-0,0-0,0-0,0-0,0-0,0-0,0-0,0-0,0-0,0-0,0-0,0-0,"raoul,Kins0,Meady,Nintendude",
bobby big ballz,0-0,0-0,0-0,0-1,0-0,0-0,0-0,0-0,0-0,0-0,0-0,0-1,0-1,0-0,0-0,0-0,0-0,0-0,0-0,0-0,0-0,1-0,0-1,0-0,0-0,0-0,0-1,0-0,0-0,0-0,0-0,0-0,0-1,0-0,0-0,0-0,0-0,0-0,0-0,0-0,0-0,0-0,0-0,0-1,0-0,0-0,0-0,0-0,0-0,0-0,N/A,0-0,0-0,0-0,0-0,0-0,0-0,0-0,0-0,0-0,0-0,0-0,1-0,0-0,0-0,0-0,0-0,0-0,0-0,0-0,1-0,0-0,0-0,0-0,0-0,0-0,0-0,0-0,0-0,0-1,0-0,0-0,0-0,0-0,0-0,0-0,0-0,0-0,0-0,1-0,0-0,0-0,0-1,0-0,0-0,0-0,0-0,0-0,0-0,0-1,0-0,"JJM,Bbatts",
Nicki,0-1,0-1,0-0,0-0,0-0,0-0,0-0,0-0,0-0,0-0,0-0,1-0,0-0,0-0,0-0,0-1,0-0,0-0,0-0,0-0,0-0,0-0,0-0,0-0,0-0,0-0,0-0,0-0,0-0,0-0,0-0,0-0,0-0,0-0,0-0,0-0,0-0,0-0,0-0,0-0,0-0,0-0,0-1,0-0,0-0,0-0,0-0,1-0,0-0,0-0,0-0,N/A,0-0,0-0,0-0,0-0,0-0,0-0,0-0,0-0,0-0,0-0,0-0,0-0,0-0,0-0,0-0,0-0,0-0,0-0,0-0,0-0,0-0,0-0,0-0,0-0,0-0,0-0,0-0,0-0,0-0,0-0,0-0,0-0,0-0,0-0,0-0,0-1,0-0,0-0,0-0,0-0,0-0,0-0,0-0,0-1,0-0,0-0,0-0,0-0,0-0,,
Rocky,0-0,0-0,0-0,0-0,0-0,0-0,0-0,0-0,0-0,0-0,0-0,0-1,0-0,0-0,0-0,0-0,0-0,0-1,0-0,0-0,0-0,0-0,0-0,0-0,0-0,0-0,0-0,0-0,0-0,0-0,0-0,0-0,0-0,0-0,0-0,0-0,0-0,0-0,0-1,0-0,0-0,0-0,0-0,0-0,0-1,0-0,0-0,0-0,0-0,0-0,0-0,0-0,N/A,0-0,0-0,0-0,0-0,1-0,0-0,0-0,0-0,0-0,2-0,0-0,0-0,0-0,0-0,0-0,1-0,0-0,0-0,0-0,0-0,0-0,0-1,0-0,0-0,0-0,0-0,0-0,0-0,0-0,0-0,0-0,0-0,0-0,0-0,0-0,0-0,0-0,0-0,0-0,0-0,0-0,0-0,0-0,0-0,0-0,0-0,0-0,0-0,,
Panda,0-0,0-0,0-0,0-0,0-0,0-0,0-0,0-0,0-1,0-0,0-0,0-0,0-0,0-0,0-0,0-0,0-0,0-0,0-0,0-1,0-0,1-0,0-0,0-0,0-0,0-0,0-0,0-0,0-0,0-0,0-0,0-0,0-0,0-0,0-0,0-0,0-0,0-0,0-0,0-0,0-0,0-0,0-0,0-0,1-1,0-0,0-0,0-0,0-0,0-1,0-0,0-0,0-0,N/A,0-0,0-0,0-0,1-0,0-0,0-0,0-0,0-0,0-0,0-0,0-0,0-0,0-0,0-0,0-0,0-0,0-0,0-0,0-0,1-0,0-0,0-0,0-0,0-0,0-0,0-1,0-0,1-0,1-0,0-0,0-0,0-0,0-0,0-0,0-0,0-0,0-0,0-0,1-0,0-0,0-1,0-0,0-0,0-0,0-0,0-0,0-0,,
TheSWOOPER,0-0,0-0,0-0,0-0,0-0,0-0,0-0,0-0,0-0,0-0,0-0,0-0,0-0,0-0,0-0,0-0,0-0,0-0,0-0,0-0,0-1,0-0,0-0,0-0,0-1,0-0,0-0,0-0,0-0,0-1,0-0,0-0,1-1,0-2,0-0,0-0,0-0,0-1,0-0,0-0,0-0,0-1,0-3,0-0,0-0,0-0,1-1,0-0,0-0,0-0,0-0,0-0,0-0,0-0,N/A,0-0,0-0,0-0,0-0,0-0,0-0,0-0,0-0,0-0,0-0,0-1,0-0,0-0,0-0,0-0,0-0,0-0,0-0,0-0,0-0,0-0,0-0,0-0,0-0,0-1,0-0,0-1,1-1,0-0,0-0,0-0,0-0,0-0,0-0,0-0,0-0,0-0,0-0,0-0,0-0,0-0,0-0,2-0,2-0,0-0,0-0,The Leaf,
Azel,0-0,0-0,0-0,0-0,0-0,0-0,0-0,0-0,0-0,0-0,0-0,0-0,0-0,0-0,0-0,0-0,0-0,0-0,0-0,0-0,0-0,0-0,0-1,0-0,0-0,0-0,0-0,0-0,0-0,0-0,0-0,0-0,0-0,0-0,0-0,0-0,0-0,0-0,0-0,0-0,0-0,0-0,0-0,0-0,0-0,0-0,0-0,0-0,0-0,0-0,0-0,0-0,0-0,0-0,0-0,N/A,0-0,0-0,0-0,0-0,0-0,0-0,0-0,0-0,0-0,0-0,0-0,0-0,0-0,0-0,0-0,0-0,0-0,0-0,0-0,0-0,0-0,0-0,0-0,0-1,0-0,0-0,0-0,0-0,0-0,0-0,0-0,0-0,1-0,0-0,0-0,0-0,0-0,0-0,0-0,0-0,0-0,0-0,0-0,0-0,0-0,,
Fizz,0-0,0-0,0-0,0-0,0-0,0-0,0-0,0-0,0-0,0-0,0-1,0-0,0-0,0-0,0-0,0-0,0-0,0-0,0-0,0-0,0-0,0-0,0-0,0-0,0-0,0-0,0-0,0-0,0-0,0-0,0-0,0-0,0-0,0-0,0-1,0-0,0-0,0-0,0-0,0-0,0-0,0-0,0-0,1-0,0-0,0-0,0-0,0-0,0-0,0-0,0-0,0-0,0-0,0-0,0-0,0-0,N/A,0-0,0-0,0-0,0-0,0-0,0-0,0-0,0-0,0-0,0-0,0-0,0-0,0-0,0-0,0-1,0-0,0-0,0-0,0-0,0-0,0-0,0-0,0-0,0-0,0-0,0-1,0-0,0-0,0-0,0-0,0-0,0-0,0-0,0-0,0-0,0-0,0-0,0-0,0-0,0-0,0-1,0-0,0-0,0-0,"Rooster,techboy,Hyunnies",
Krudo,0-0,0-0,0-0,0-1,0-0,0-0,0-0,0-0,0-1,1-0,0-0,0-0,0-0,0-0,0-0,0-0,0-0,0-0,0-0,0-0,0-0,0-0,0-0,0-0,0-0,0-0,0-0,0-0,0-0,0-0,0-0,0-0,0-0,0-0,0-0,0-0,0-0,0-0,0-0,0-0,0-0,0-0,0-0,0-0,0-0,0-0,0-0,0-0,0-0,0-0,0-0,0-0,0-1,0-1,0-0,0-0,0-0,N/A,0-0,0-0,0-0,0-0,1-0,0-0,0-0,0-0,0-0,0-0,0-0,0-1,0-0,0-0,0-0,0-0,0-0,0-1,0-0,0-0,0-0,0-0,0-0,0-0,0-0,0-0,0-0,0-0,0-0,0-0,0-0,0-0,0-0,0-0,0-0,0-0,0-0,0-0,0-0,0-0,0-0,0-0,0-0,,
Smashdaddy,0-1,0-0,0-0,0-0,0-0,0-0,0-0,0-0,0-0,0-0,0-0,0-0,0-0,0-0,0-0,0-0,0-0,0-0,0-0,0-0,0-0,0-0,0-0,0-0,0-0,0-0,0-0,0-0,0-0,0-0,0-0,0-0,1-0,0-0,0-0,0-0,0-0,0-0,0-0,0-0,0-0,0-0,0-0,0-0,0-0,0-0,0-0,0-0,0-0,0-0,0-0,0-0,0-0,0-0,0-0,0-0,0-0,0-0,N/A,0-0,0-0,0-0,0-0,0-0,0-0,0-0,0-0,0-0,0-0,0-0,0-0,0-0,0-0,0-0,0-0,0-0,0-0,0-0,0-0,0-0,0-0,0-0,0-0,0-0,0-0,0-0,0-0,0-0,0-0,0-0,0-0,0-0,0-0,0-0,1-0,0-0,0-0,0-0,0-0,0-1,0-0,,
Sora/Joshman,0-0,0-0,0-0,1-0,0-0,0-1,0-0,0-0,0-0,0-0,0-0,0-0,0-1,0-0,0-0,0-1,0-1,1-0,0-0,0-0,0-0,0-0,0-0,0-0,0-0,0-0,0-0,0-0,0-0,0-0,0-0,0-0,0-0,0-0,0-0,0-0,0-0,0-0,0-0,0-0,0-0,0-0,0-0,0-0,0-1,0-0,0-0,0-0,0-0,0-0,0-0,0-0,0-0,0-0,0-0,0-0,0-0,0-0,0-0,N/A,0-0,0-0,0-0,1-0,0-0,0-0,0-0,0-0,0-0,0-0,0-0,0-0,0-0,0-0,0-0,0-1,0-0,0-0,0-0,0-0,0-0,0-0,0-0,0-0,1-0,0-0,0-0,0-0,0-0,0-0,0-0,0-0,0-0,0-0,0-0,0-0,0-1,0-0,0-0,0-0,0-0,,
Wevans,0-0,0-0,0-0,0-0,0-1,0-0,0-0,0-0,0-0,0-0,0-0,0-0,0-0,0-0,0-0,0-0,0-0,0-1,0-0,0-0,0-0,0-0,0-0,0-0,0-0,0-0,0-0,0-0,0-0,0-0,0-0,0-0,0-0,0-0,0-0,0-0,0-0,0-0,0-0,0-0,0-0,0-0,0-0,0-0,0-0,0-0,0-0,0-1,0-0,0-0,0-0,0-0,0-0,0-0,0-0,0-0,0-0,0-0,0-0,0-0,N/A,0-0,0-1,0-0,0-0,0-0,0-0,0-0,0-0,0-0,0-0,0-0,0-0,0-0,0-0,0-0,0-0,0-0,0-0,0-0,0-0,0-0,0-0,0-0,0-0,0-0,0-0,0-0,0-0,0-0,0-0,0-0,0-0,0-0,0-0,0-0,0-0,0-0,1-0,0-0,0-0,,
Aklo,0-0,0-0,0-0,1-0,0-2,0-1,0-1,0-1,0-0,0-0,0-0,0-0,1-1,0-0,1-1,0-1,0-0,1-0,0-0,0-0,0-0,0-0,0-0,0-0,1-0,0-0,0-1,0-0,0-0,2-0,0-0,0-0,1-0,0-0,0-0,0-1,0-0,1-0,0-0,0-0,0-0,0-0,0-0,0-0,0-0,0-0,0-0,0-0,0-0,0-0,0-0,0-0,0-0,0-0,0-0,0-0,0-0,0-0,0-0,0-0,0-0,N/A,0-0,0-0,0-0,2-0,0-0,0-0,0-0,0-0,0-0,0-0,0-0,0-0,0-0,0-0,0-0,0-0,0-0,0-1,0-0,0-0,0-0,0-0,0-0,0-0,0-0,0-0,0-0,0-0,0-0,0-0,0-0,0-0,1-0,0-0,0-0,0-0,1-1,0-0,0-0,,
Android 0,0-0,0-0,0-0,0-1,0-0,0-0,0-0,0-0,0-0,0-0,0-1,1-1,0-0,0-0,0-0,0-0,0-0,0-0,0-0,0-0,0-0,1-0,0-0,0-0,0-0,0-0,0-0,0-1,0-0,0-0,0-0,0-0,0-0,0-0,0-0,0-0,0-0,0-0,0-0,0-1,1-0,0-0,0-0,0-0,0-0,0-0,0-0,0-0,0-0,0-0,0-1,0-0,0-2,0-0,0-0,0-0,0-0,0-1,0-0,0-0,1-0,0-0,N/A,0-0,0-0,0-0,0-0,0-0,0-0,0-1,0-0,0-0,0-0,0-0,0-0,0-0,0-0,0-0,0-0,0-0,0-1,0-0,0-0,0-0,1-0,0-0,0-0,0-0,0-0,0-1,1-0,0-0,0-0,0-0,0-0,0-0,0-0,0-0,0-0,0-0,0-0,,
Ben,0-1,0-0,0-0,0-1,1-0,0-0,0-0,0-0,0-0,0-0,0-0,0-0,0-0,0-0,0-1,0-1,0-1,0-3,0-0,0-1,0-0,0-0,0-0,0-0,0-0,0-0,0-1,0-0,0-0,0-0,1-0,0-0,1-1,2-0,0-0,0-0,0-0,0-0,0-0,0-0,0-0,0-0,1-0,0-0,0-0,0-0,0-0,0-0,0-0,0-0,0-0,0-0,0-0,0-0,0-0,0-0,0-0,0-0,0-0,0-1,0-0,0-0,0-0,N/A,0-0,0-0,0-0,0-0,0-0,0-0,0-0,0-0,0-0,0-0,1-0,0-0,0-0,0-0,0-0,0-1,0-0,0-0,0-0,0-0,0-0,0-0,0-0,0-0,0-0,0-0,0-0,0-0,0-0,0-0,0-0,0-0,1-0,1-0,0-0,0-0,0-0,,
Bones,0-0,0-0,0-0,0-0,0-0,0-0,0-0,0-0,0-0,0-0,0-0,0-0,0-0,0-0,0-0,0-0,0-0,0-0,0-0,0-0,0-0,0-0,0-0,0-0,0-0,0-0,0-0,0-0,0-0,0-0,0-0,0-0,0-0,0-0,0-0,0-0,0-0,0-0,0-0,0-0,0-0,0-0,0-0,0-0,0-0,0-0,0-0,0-0,0-0,0-0,0-0,0-0,0-0,0-0,0-0,0-0,0-0,0-0,0-0,0-0,0-0,0-0,0-0,0-0,N/A,0-0,0-0,0-0,0-0,0-0,0-0,0-0,0-0,0-0,0-0,0-0,0-0,0-0,0-1,0-0,0-0,0-0,0-0,0-0,0-0,0-0,0-0,0-0,0-0,0-0,0-0,0-0,0-1,0-0,0-0,0-0,0-0,1-0,0-0,0-0,0-0,,
Captain Smuckers,0-0,0-0,0-0,0-0,0-0,0-0,0-0,0-0,0-0,0-0,0-0,0-0,0-0,0-0,0-0,0-0,0-0,0-0,0-0,0-0,0-0,0-0,0-0,0-0,0-0,0-0,0-0,0-0,0-0,0-0,0-0,0-0,0-0,0-0,0-0,0-0,0-0,0-0,0-0,0-0,0-0,0-0,0-0,0-0,0-0,0-0,0-0,0-0,0-0,0-0,0-0,0-0,0-0,0-0,1-0,0-0,0-0,0-0,0-0,0-0,0-0,0-2,0-0,0-0,0-0,N/A,0-0,0-0,0-0,0-0,0-0,0-0,0-0,0-0,0-0,0-0,0-0,0-0,0-0,0-0,0-0,0-0,0-0,0-0,0-0,0-0,0-0,0-0,0-0,0-0,0-0,0-0,0-0,0-0,0-0,0-0,0-0,0-0,0-0,0-0,0-0,"Kikoho,YAMI",
Chape,0-0,0-0,0-0,0-0,0-0,0-0,0-0,0-0,0-0,0-0,0-0,0-0,0-0,0-0,0-0,0-0,0-0,0-0,1-0,0-0,0-0,0-0,0-0,0-0,0-0,0-0,0-0,0-0,0-0,0-0,0-0,0-0,0-0,0-0,0-0,0-0,0-0,0-1,0-0,0-0,0-0,0-0,0-1,0-0,0-0,0-0,0-0,0-0,0-0,0-0,0-0,0-0,0-0,0-0,0-0,0-0,0-0,0-0,0-0,0-0,0-0,0-0,0-0,0-0,0-0,0-0,N/A,0-0,0-0,0-0,0-0,0-0,0-0,0-0,0-0,0-0,0-0,0-0,0-0,0-0,0-0,0-0,0-0,0-0,0-0,0-0,0-0,0-1,0-0,0-0,0-0,0-0,0-0,0-0,0-0,0-0,0-0,0-0,0-0,0-0,0-0,,
Chem,0-0,0-0,0-0,0-0,0-0,0-0,0-0,0-0,0-0,0-0,0-0,0-0,0-0,0-0,0-0,0-0,0-0,0-0,0-0,0-0,0-0,0-0,0-0,0-0,0-0,0-0,0-1,0-0,0-0,0-0,0-0,0-0,0-0,0-0,0-0,0-0,0-0,0-0,0-0,0-0,0-0,0-0,0-0,0-0,0-0,1-0,0-0,0-0,0-0,0-0,0-0,0-0,0-0,0-0,0-0,0-0,0-0,0-0,0-0,0-0,0-0,0-0,0-0,0-0,0-0,0-0,0-0,N/A,0-0,0-0,1-0,0-0,0-0,0-0,0-0,0-1,0-0,0-0,0-0,0-0,0-0,0-0,1-0,0-0,0-0,0-0,0-0,0-0,0-0,0-0,0-0,0-0,1-0,0-0,0-0,0-0,0-0,0-0,0-1,0-0,0-0,Woley,
Dacky,0-0,0-0,0-0,0-0,0-0,0-0,0-0,0-0,0-1,0-0,0-0,0-0,0-0,0-0,0-0,0-0,0-0,0-0,0-0,0-0,0-0,0-0,0-0,0-0,0-0,0-0,0-0,0-1,0-0,0-0,0-0,0-0,0-0,0-0,0-0,0-0,0-0,0-0,1-0,0-0,0-0,0-0,0-0,0-0,0-1,0-0,0-0,0-0,0-0,0-0,0-0,0-0,0-1,0-0,0-0,0-0,0-0,0-0,0-0,0-0,0-0,0-0,0-0,0-0,0-0,0-0,0-0,0-0,N/A,0-0,0-0,0-0,0-0,0-0,0-0,0-0,0-0,0-0,0-0,0-0,0-1,0-0,1-0,0-0,0-0,0-0,0-0,0-0,0-0,0-0,0-0,0-0,0-0,0-0,0-0,0-0,0-0,0-0,0-0,0-0,0-1,Soonsay,
Eddy Mexico,0-0,0-0,0-0,0-0,0-1,0-0,0-0,0-0,0-0,0-0,0-0,0-0,0-0,0-0,0-0,0-0,0-0,0-0,0-0,0-0,0-0,0-0,0-0,0-0,0-0,0-0,0-0,0-1,0-0,0-0,0-0,0-0,0-0,0-0,0-0,0-0,0-0,0-0,1-0,0-0,0-0,0-0,0-0,0-0,0-0,0-0,0-0,0-0,0-0,0-0,0-0,0-0,0-0,0-0,0-0,0-0,0-0,1-0,0-0,0-0,0-0,0-0,1-0,0-0,0-0,0-0,0-0,0-0,0-0,N/A,0-0,0-0,0-0,0-0,0-0,0-0,0-0,0-0,0-0,0-0,0-0,0-0,0-0,0-0,0-0,0-0,0-0,0-0,0-0,0-0,0-0,0-0,0-0,0-0,0-0,0-0,0-0,0-0,0-0,0-0,0-0,,
Eggy,0-1,0-0,0-0,0-0,0-0,0-0,0-0,0-0,0-0,0-0,0-0,0-0,0-0,0-0,0-0,0-0,0-0,0-0,0-0,0-0,0-0,0-0,0-0,0-0,0-0,0-0,0-0,0-0,0-0,0-0,0-0,0-0,0-0,0-0,0-0,0-0,0-0,0-0,0-0,0-0,0-0,1-0,0-0,0-0,0-0,0-0,0-0,0-0,0-0,0-0,0-1,0-0,0-0,0-0,0-0,0-0,0-0,0-0,0-0,0-0,0-0,0-0,0-0,0-0,0-0,0-0,0-0,0-1,0-0,0-0,N/A,0-0,0-0,0-0,0-0,0-0,0-1,0-0,0-0,0-1,0-0,0-0,0-0,0-0,1-0,0-0,0-0,0-0,0-0,0-0,0-0,0-0,0-0,0-0,0-0,0-0,0-0,0-0,0-1,0-0,0-0,"GodTouch,Alextrer",
Far!,0-0,0-0,0-0,0-0,0-0,0-0,0-1,0-0,0-0,0-0,0-0,0-0,0-0,0-0,0-0,0-0,0-0,0-0,0-0,0-0,0-0,0-0,0-1,0-0,0-0,0-0,0-1,0-0,0-0,0-0,0-0,0-0,0-0,0-0,0-0,0-0,0-0,0-0,0-1,0-0,0-0,0-0,0-0,0-0,0-0,0-0,0-0,0-0,0-0,0-0,0-0,0-0,0-0,0-0,0-0,0-0,1-0,0-0,0-0,0-0,0-0,0-0,0-0,0-0,0-0,0-0,0-0,0-0,0-0,0-0,0-0,N/A,0-0,0-0,0-0,0-1,0-0,0-0,0-0,1-0,0-0,0-0,0-0,0-0,0-0,0-0,0-0,0-0,0-0,0-0,0-0,0-0,0-0,0-0,0-0,0-0,0-0,0-0,0-0,0-1,0-0,,
Flash,0-0,0-0,0-0,0-0,0-2,0-0,0-0,0-0,0-0,0-0,0-0,0-0,0-0,0-0,0-0,0-0,0-0,1-0,0-0,0-0,0-0,0-0,0-0,0-0,0-0,0-0,0-0,0-0,0-0,0-0,0-0,0-0,0-0,0-0,0-0,0-0,0-0,0-0,0-0,0-0,0-0,0-0,0-0,0-0,0-0,0-0,0-0,0-0,0-0,0-0,0-0,0-0,0-0,0-0,0-0,0-0,0-0,0-0,0-0,0-0,0-0,0-0,0-0,0-0,0-0,0-0,0-0,0-0,0-0,0-0,0-0,0-0,N/A,0-0,0-0,0-0,1-0,0-0,0-0,0-0,0-0,0-0,0-0,0-0,0-0,0-0,0-0,0-0,0-0,0-0,0-0,0-0,0-0,1-0,0-0,0-0,0-0,0-0,0-0,0-0,0-0,,
Jah Ridin',0-0,0-1,0-0,0-0,0-0,0-0,0-0,0-0,0-0,0-0,0-0,0-0,0-0,0-0,0-0,0-1,0-0,0-0,0-0,0-1,0-0,0-0,0-0,0-1,0-0,0-0,0-0,0-0,0-0,0-0,0-0,0-0,0-0,0-0,0-0,0-0,0-0,0-0,0-0,0-0,0-0,0-0,0-0,0-0,0-1,0-0,0-0,0-0,0-0,0-0,0-0,0-0,0-0,0-1,0-0,0-0,0-0,0-0,0-0,0-0,0-0,0-0,0-0,0-0,0-0,0-0,0-0,0-0,0-0,0-0,0-0,0-0,0-0,N/A,0-0,0-0,0-0,0-0,0-0,0-0,0-0,0-0,0-0,0-0,0-0,0-0,0-0,0-0,0-0,0-0,0-0,0-0,0-0,0-0,0-0,0-0,0-0,0-0,0-0,0-0,0-0,,
Jflex,0-0,0-0,0-0,0-1,0-0,0-0,0-0,0-0,0-0,0-1,0-0,0-1,0-0,0-0,0-0,0-0,0-1,0-0,0-0,0-0,0-0,0-0,0-0,0-0,1-0,0-0,0-0,0-0,0-0,0-0,0-0,0-0,0-2,0-0,0-0,0-0,0-0,0-0,0-0,0-0,0-0,2-0,0-0,0-0,0-0,0-0,0-0,0-0,0-0,0-0,0-0,0-0,1-0,0-0,0-0,0-0,0-0,0-0,0-0,0-0,0-0,0-0,0-0,0-1,0-0,0-0,0-0,0-0,0-0,0-0,0-0,0-0,0-0,0-0,N/A,1-0,0-0,0-0,0-0,1-0,0-0,1-0,0-0,1-0,0-0,0-0,0-0,0-0,0-0,1-0,0-0,0-0,0-0,0-0,0-2,0-0,0-0,0-1,1-0,0-0,0-0,,
Jmook,0-0,0-0,0-0,0-0,0-0,0-0,0-1,0-0,0-0,0-0,0-0,0-0,0-0,0-0,0-0,0-0,0-0,0-0,0-0,0-0,0-0,0-0,0-0,0-0,1-0,0-0,1-0,0-0,0-0,0-0,0-0,0-0,0-0,0-0,0-0,0-0,0-0,0-0,1-0,0-0,0-0,0-0,0-0,0-0,0-0,0-0,0-0,0-0,0-0,0-1,0-0,0-0,0-0,0-0,0-0,0-0,0-0,1-0,0-0,1-0,0-0,0-0,0-0,0-0,0-0,0-0,0-0,1-0,0-0,0-0,0-0,1-0,0-0,0-0,0-1,N/A,0-0,0-0,0-0,0-0,0-0,0-0,0-0,0-0,0-0,0-0,0-0,0-0,0-0,0-0,0-0,0-0,0-0,0-0,0-0,0-0,0-0,0-0,0-0,0-0,0-0,,
Juicebox,0-0,0-0,0-0,0-0,0-0,0-0,0-0,0-1,0-0,0-0,0-0,0-0,0-0,0-0,0-0,0-0,0-0,0-0,0-0,0-0,0-0,0-0,0-0,0-0,0-0,0-0,0-0,0-0,0-0,0-0,0-0,0-0,0-0,0-0,0-0,0-0,0-0,0-0,0-0,0-0,0-0,0-0,0-2,0-0,0-0,1-0,0-0,0-0,0-0,0-0,0-0,0-0,0-0,0-0,0-0,0-0,0-0,0-0,0-0,0-0,0-0,0-0,0-0,0-0,0-0,0-0,0-0,0-0,0-0,0-0,1-0,0-0,0-1,0-0,0-0,0-0,N/A,0-0,1-0,0-0,0-0,0-0,0-0,2-0,0-0,0-0,0-0,0-0,0-0,0-0,0-0,0-0,0-0,0-0,0-0,0-0,0-0,0-0,0-0,0-0,0-0,,
Justus,0-0,0-0,0-0,0-0,0-0,0-0,0-0,0-0,0-0,0-0,0-0,0-0,0-0,0-0,0-0,0-0,0-0,0-0,0-0,0-0,0-0,0-0,0-0,0-0,0-0,0-0,0-0,0-1,0-0,0-0,0-0,0-0,0-0,0-0,0-0,0-0,0-0,0-0,0-0,0-0,0-0,0-0,0-0,0-0,0-0,0-0,0-0,0-0,0-0,0-0,0-0,0-0,0-0,0-0,0-0,0-0,0-0,0-0,0-0,0-0,0-0,0-0,0-0,0-0,0-0,0-0,0-0,0-0,0-0,0-0,0-0,0-0,0-0,0-0,0-0,0-0,0-0,N/A,0-0,0-0,0-1,0-0,0-0,0-0,0-0,0-0,0-0,0-0,0-0,0-0,0-0,0-0,0-1,0-0,0-0,0-0,0-0,0-0,0-0,0-0,0-0,Gooms,
Khryke,0-0,0-0,0-0,0-0,0-0,0-0,0-0,0-0,0-0,0-0,0-0,0-0,0-0,0-0,0-0,0-0,0-0,0-0,0-0,0-0,0-0,0-0,0-0,0-0,0-0,0-0,0-0,0-0,0-0,0-0,0-0,0-0,0-0,0-0,0-0,0-0,0-0,0-0,0-0,0-0,0-0,0-0,0-0,0-0,0-0,0-0,0-0,0-0,0-0,0-0,0-0,0-0,0-0,0-0,0-0,0-0,0-0,0-0,0-0,0-0,0-0,0-0,0-0,0-0,1-0,0-0,0-0,0-0,0-0,0-0,0-0,0-0,0-0,0-0,0-0,0-0,0-1,0-0,N/A,1-0,0-0,0-0,0-0,0-1,0-0,0-0,0-0,0-0,0-0,0-0,0-0,0-0,1-0,0-0,0-0,0-0,0-0,0-0,0-0,0-0,0-0,,
Logan,0-0,0-0,0-0,0-2,0-1,0-0,0-0,0-0,0-2,0-0,0-0,0-0,0-1,1-0,0-0,0-0,0-0,0-0,0-0,0-0,0-0,0-0,0-0,0-0,1-0,0-0,0-0,0-0,0-0,0-0,0-0,0-0,0-1,0-0,0-0,0-0,0-0,0-1,0-0,0-0,0-0,0-0,0-0,0-0,0-0,0-0,0-0,0-0,0-0,0-0,1-0,0-0,0-0,1-0,1-0,1-0,0-0,0-0,0-0,0-0,0-0,1-0,0-0,1-0,0-0,0-0,0-0,0-0,0-0,0-0,1-0,0-1,0-0,0-0,0-1,0-0,0-0,0-0,0-1,N/A,0-0,0-0,0-0,0-0,0-1,0-0,0-0,0-0,0-0,0-0,0-0,0-0,0-0,0-0,0-1,0-0,1-0,0-0,0-0,0-0,0-0,,
Lucky,0-0,0-0,0-0,0-0,0-1,0-0,0-0,0-0,0-0,0-0,1-1,0-1,0-0,0-0,0-0,0-0,2-0,0-0,1-2,0-0,0-0,0-0,0-0,0-0,0-0,0-0,0-1,0-0,0-0,0-0,0-0,0-0,0-0,0-0,0-0,0-0,0-0,0-0,1-0,0-0,0-0,0-0,0-0,0-0,0-1,0-0,0-0,0-0,1-0,0-0,0-0,0-0,0-0,0-0,0-0,0-0,0-0,0-0,0-0,0-0,0-0,0-0,1-0,0-0,0-0,0-0,0-0,0-0,1-0,0-0,0-0,0-0,0-0,0-0,0-0,0-0,0-0,1-0,0-0,0-0,N/A,0-0,0-0,0-0,0-0,0-1,0-0,0-0,0-0,0-0,0-0,0-0,0-0,0-0,0-0,0-0,0-0,0-0,0-0,0-0,0-0,,
Mekk,0-0,0-0,0-0,0-0,0-0,0-0,0-0,0-0,0-0,0-1,0-0,0-0,0-0,0-0,0-0,0-0,0-0,0-0,0-0,0-0,1-0,0-1,0-0,0-0,0-0,0-0,0-0,0-0,0-0,0-0,0-0,0-0,1-2,0-0,0-0,0-0,0-0,0-0,0-0,0-0,0-0,1-0,0-0,0-0,0-0,0-0,0-0,0-0,0-0,0-0,0-0,0-0,0-0,0-1,1-0,0-0,0-0,0-0,0-0,0-0,0-0,0-0,0-0,0-0,0-0,0-0,0-0,0-0,0-0,0-0,0-0,0-0,0-0,0-0,0-1,0-0,0-0,0-0,0-0,0-0,0-0,N/A,0-0,0-0,0-0,0-0,0-0,0-0,0-0,0-0,0-0,0-0,0-0,0-0,0-0,0-0,0-0,1-0,0-0,0-0,0-0,"jakpox,Wonov",
Mot$,0-0,0-0,0-0,0-1,0-0,0-0,0-0,0-0,0-0,0-0,0-0,0-0,0-0,0-0,0-0,0-0,0-1,0-0,0-0,0-0,0-0,0-0,0-0,0-0,0-0,0-0,0-0,0-0,0-0,0-0,0-0,0-1,0-2,0-0,0-1,0-0,0-0,0-0,0-0,0-0,0-0,1-1,0-0,0-0,0-0,0-0,0-0,0-0,0-0,0-0,0-0,0-0,0-0,0-1,1-1,0-0,1-0,0-0,0-0,0-0,0-0,0-0,0-0,0-0,0-0,0-0,0-0,0-1,0-1,0-0,0-0,0-0,0-0,0-0,0-0,0-0,0-0,0-0,0-0,0-0,0-0,0-0,N/A,0-0,0-0,0-0,0-0,0-0,0-0,0-0,0-0,0-0,0-1,0-0,0-0,0-0,0-0,0-1,0-0,0-0,0-0,"Bank,Panos,Dimension",
NoFluxes,0-0,0-0,0-0,0-2,0-0,0-0,0-0,0-0,0-0,0-0,0-1,0-0,0-0,0-0,0-0,0-0,0-0,0-0,0-0,0-0,0-0,0-0,0-0,0-0,0-0,0-0,0-0,0-0,0-0,0-0,0-0,0-0,0-0,0-0,0-0,0-0,0-0,0-0,0-0,0-0,0-0,0-1,0-0,0-0,0-0,0-0,0-0,0-0,0-0,0-0,0-0,0-0,0-0,0-0,0-0,0-0,0-0,0-0,0-0,0-0,0-0,0-0,0-0,0-0,0-0,0-0,0-0,0-0,0-0,0-0,0-0,0-0,0-0,0-0,0-1,0-0,0-2,0-0,1-0,0-0,0-0,0-0,0-0,N/A,0-0,0-0,0-0,0-0,0-0,0-0,1-0,0-0,0-0,0-0,2-0,0-0,0-0,1-0,0-0,0-0,0-0,"Casper,Balloon Day,Kuya",
null,0-0,0-1,0-0,0-0,0-1,0-0,0-0,0-0,0-0,0-0,0-1,0-0,0-0,0-0,0-0,0-0,0-0,0-1,0-0,0-0,0-0,0-0,0-0,0-0,0-0,0-0,0-0,0-0,0-0,0-0,1-1,0-0,0-0,0-0,0-0,0-0,0-0,0-0,0-0,0-0,0-0,0-0,0-0,1-0,0-0,0-0,0-0,0-0,0-0,0-0,0-0,0-0,0-0,0-0,0-0,0-0,0-0,0-0,0-0,0-1,0-0,0-0,0-1,0-0,0-0,0-0,0-0,0-0,0-0,0-0,0-1,0-0,0-0,0-0,0-0,0-0,0-0,0-0,0-0,1-0,0-0,0-0,0-0,0-0,N/A,0-0,0-0,0-0,0-0,0-0,0-0,0-1,0-0,0-0,0-0,0-0,0-1,0-0,0-0,0-0,0-0,,
Palpa,0-0,0-0,0-0,0-0,0-0,0-0,0-0,0-0,0-0,0-0,0-1,0-0,0-0,0-0,0-0,0-0,0-0,0-0,0-0,0-0,0-0,0-0,0-0,0-0,0-0,0-0,0-0,1-0,0-0,0-0,0-0,0-0,0-0,0-0,0-0,0-0,0-0,0-0,0-0,0-0,0-0,0-0,0-0,0-0,0-1,0-0,0-0,0-0,0-0,0-0,0-0,0-0,0-0,0-0,0-0,0-0,0-0,0-0,0-0,0-0,0-0,0-0,0-0,0-0,0-0,0-0,0-0,0-0,0-0,0-0,0-0,0-0,0-0,0-0,0-0,0-0,0-0,0-0,0-0,0-0,1-0,0-0,0-0,0-0,0-0,N/A,0-0,0-0,0-0,0-0,0-0,0-0,0-0,0-0,0-0,0-0,0-0,0-0,0-0,0-0,0-0,,
Pappi,0-0,0-0,0-0,0-0,0-0,0-0,0-0,0-0,0-0,0-0,0-0,0-0,0-0,0-0,0-0,0-0,0-0,0-0,0-0,0-0,0-0,0-0,0-0,0-0,0-0,0-0,0-0,0-1,0-0,0-0,0-0,0-0,0-0,0-0,0-0,0-0,0-0,0-0,0-0,0-0,0-0,0-0,0-0,0-0,0-1,0-0,0-0,0-0,0-0,0-0,0-0,0-0,0-0,0-0,0-0,0-0,0-0,0-0,0-0,0-0,0-0,0-0,0-0,0-0,0-0,0-0,0-0,0-0,0-0,0-0,0-0,0-0,0-0,0-0,0-0,0-0,0-0,0-0,0-0,0-0,0-0,0-0,0-0,0-0,0-0,0-0,N/A,0-0,0-0,0-0,0-0,0-0,1-0,0-0,0-0,0-0,0-0,0-0,0-0,0-0,0-0,,
Pipsqueak,0-1,0-1,0-0,0-0,0-0,0-0,0-0,0-1,0-1,0-0,0-0,0-0,0-0,0-0,0-0,0-1,0-0,0-0,1-0,0-0,0-0,0-0,0-0,3-0,0-0,0-0,0-0,0-0,0-0,0-0,0-1,0-0,0-0,0-0,0-0,0-1,0-0,1-0,0-0,0-0,0-0,0-0,1-1,0-0,0-0,1-0,0-0,0-0,0-0,2-0,0-0,1-0,0-0,0-0,0-0,0-0,0-0,0-0,0-0,0-0,0-0,0-0,0-0,0-0,0-0,0-0,1-0,0-0,0-0,0-0,0-0,0-0,0-0,0-0,0-0,0-0,0-0,0-0,0-0,0-0,0-0,0-0,0-0,0-0,0-0,0-0,0-0,N/A,0-0,0-0,0-0,0-0,0-0,0-0,0-0,0-0,1-0,0-0,0-0,0-0,0-0,,
Ringler,0-0,0-0,0-0,0-0,0-0,0-0,0-0,0-0,0-0,0-0,0-1,0-0,0-0,0-0,0-0,0-0,0-0,0-0,0-1,0-0,0-0,1-0,0-0,0-0,0-0,0-0,0-0,0-0,0-0,0-0,0-0,0-0,1-0,0-1,0-0,0-0,0-0,0-0,0-0,0-0,0-1,0-0,0-0,0-0,0-0,0-0,0-0,0-0,0-0,0-0,0-0,0-0,0-0,0-0,0-0,0-1,0-0,0-0,0-0,0-0,0-0,0-0,0-0,0-0,0-0,0-0,0-0,0-0,0-0,0-0,0-0,0-0,0-0,0-0,0-0,0-0,0-0,0-0,0-0,0-0,0-0,0-0,0-0,0-0,0-0,0-0,0-0,0-0,N/A,0-1,0-0,0-0,0-0,0-1,0-0,0-0,0-0,0-0,0-0,0-0,0-0,"Third Strongest,Fury,Chango",
SDJ,0-1,0-0,0-0,0-0,0-0,0-0,0-0,0-0,0-0,0-0,0-0,0-0,0-0,0-0,0-0,0-0,0-0,0-1,0-0,0-0,0-0,0-0,0-1,0-0,0-0,0-0,1-0,1-0,0-0,0-0,0-0,0-0,0-0,1-0,0-0,0-0,0-0,0-0,0-0,0-0,1-0,1-0,0-0,0-0,0-1,0-0,0-0,0-0,0-0,0-0,0-1,0-0,0-0,0-0,0-0,0-0,0-0,0-0,0-0,0-0,0-0,0-0,1-0,0-0,0-0,0-0,0-0,0-0,0-0,0-0,0-0,0-0,0-0,0-0,0-1,0-0,0-0,0-0,0-0,0-0,0-0,0-0,0-0,0-0,0-0,0-0,0-0,0-0,1-0,N/A,0-0,0-0,0-0,0-0,0-0,0-0,0-0,0-0,0-0,0-0,0-0,,
Secrets,0-0,0-0,0-0,1-0,0-0,0-0,0-0,0-0,0-0,0-0,0-0,0-0,0-0,0-0,0-0,0-0,0-0,0-0,0-0,0-0,0-0,0-0,0-0,0-0,0-0,0-0,0-0,0-1,0-0,0-0,0-0,0-0,0-0,0-0,0-0,0-0,0-0,0-0,0-0,0-0,1-0,0-0,0-0,0-0,0-0,0-0,0-0,0-0,0-0,0-0,0-0,0-0,0-0,0-0,0-0,0-0,0-0,0-0,0-0,0-0,0-0,0-0,0-1,0-0,0-0,0-0,0-0,0-0,0-0,0-0,0-0,0-0,0-0,0-0,0-0,0-0,0-0,0-0,0-0,0-0,0-0,0-0,0-0,0-1,0-0,0-0,0-0,0-0,0-0,0-0,N/A,0-0,0-0,0-0,0-0,0-0,0-0,0-0,0-0,0-0,0-0,"Balloon Day,Conman,Conman",
SFOP,0-0,0-0,0-0,0-1,0-0,0-0,0-0,0-0,0-0,0-0,1-0,0-0,0-0,0-0,0-0,0-0,0-0,0-0,0-0,0-1,0-0,0-0,0-0,0-0,0-0,0-0,0-0,0-1,0-1,0-0,0-1,0-0,0-0,0-0,0-0,0-0,0-0,0-0,0-0,0-0,0-0,0-0,0-0,0-0,0-1,0-0,0-0,0-0,0-0,0-0,0-0,0-0,0-0,0-0,0-0,0-0,0-0,0-0,0-0,0-0,0-0,0-0,0-0,0-0,0-0,0-0,0-0,0-0,0-0,0-0,0-0,0-0,0-0,0-0,0-0,0-0,0-0,0-0,0-0,0-0,0-0,0-0,0-0,0-0,1-0,0-0,0-0,0-0,0-0,0-0,0-0,N/A,0-0,0-0,0-0,0-0,0-0,0-0,0-0,1-0,0-0,,
Skerzo,0-0,0-0,0-0,0-0,0-0,0-0,0-0,0-0,0-0,0-0,0-0,0-0,0-0,0-0,0-0,0-0,0-0,0-1,0-0,0-0,1-0,0-0,0-0,0-0,0-0,0-0,0-0,0-0,0-0,0-0,0-1,0-1,0-0,0-4,0-0,0-0,0-0,0-0,0-0,0-0,0-0,0-0,0-1,0-0,0-0,1-0,0-0,0-0,0-0,0-0,1-0,0-0,0-0,0-1,0-0,0-0,0-0,0-0,0-0,0-0,0-0,0-0,0-0,0-0,1-0,0-0,0-0,0-1,0-0,0-0,0-0,0-0,0-0,0-0,0-0,0-0,0-0,1-0,0-1,0-0,0-0,0-0,1-0,0-0,0-0,0-0,0-1,0-0,0-0,0-0,0-0,0-0,N/A,0-0,0-0,0-0,0-0,0-1,0-0,0-1,0-0,"Unsure,Conman",
Slowking,0-0,0-0,0-0,0-0,0-0,0-0,0-0,0-0,0-0,0-0,0-0,0-0,0-0,0-0,0-0,0-0,0-0,0-0,0-0,0-1,0-0,0-0,0-0,0-0,0-0,0-0,0-0,0-0,0-0,0-0,0-0,0-0,0-0,0-0,0-0,0-0,0-0,0-0,0-0,0-0,0-0,0-0,0-0,0-0,0-0,0-0,0-0,0-0,0-0,0-0,0-0,0-0,0-0,0-0,0-0,0-0,0-0,0-0,0-0,0-0,0-0,0-0,0-0,0-0,0-0,0-0,0-0,0-0,0-0,0-0,0-0,0-0,0-1,0-0,0-0,0-0,0-0,0-0,0-0,0-0,0-0,0-0,0-0,0-0,0-0,0-0,0-0,0-0,1-0,0-0,0-0,0-0,0-0,N/A,0-0,0-0,0-0,0-0,0-0,0-0,0-0,,
SluG,0-0,0-0,0-0,0-0,0-0,0-0,0-0,0-0,0-0,0-0,0-0,0-0,0-0,0-0,1-0,0-0,0-0,0-0,0-0,0-0,0-0,0-0,0-0,0-0,1-0,0-0,0-0,0-0,0-0,0-0,0-0,0-0,0-0,1-0,0-0,0-0,0-0,0-0,0-0,0-0,0-0,0-0,0-0,0-0,0-0,0-0,0-0,0-0,0-0,0-0,0-0,0-0,0-0,1-0,0-0,0-0,0-0,0-0,0-1,0-0,0-0,0-1,0-0,0-0,0-0,0-0,0-0,0-0,0-0,0-0,0-0,0-0,0-0,0-0,2-0,0-0,0-0,0-0,0-0,1-0,0-0,0-0,0-0,0-2,0-0,0-0,0-0,0-0,0-0,0-0,0-0,0-0,0-0,0-0,N/A,0-0,0-0,0-0,1-0,0-1,0-0,Bbatts,
Sock,0-1,0-0,0-0,0-0,0-0,0-0,0-0,0-0,0-0,0-0,0-0,0-1,0-0,0-0,0-0,0-0,0-0,0-0,0-0,0-0,0-0,0-0,0-0,0-0,0-0,0-0,0-0,0-0,0-0,0-0,0-0,0-0,0-0,0-0,0-0,0-0,0-0,0-0,0-0,0-0,0-0,0-0,0-0,0-0,0-0,0-0,0-0,1-0,0-0,0-0,0-0,1-0,0-0,0-0,0-0,0-0,0-0,0-0,0-0,0-0,0-0,0-0,0-0,0-0,0-0,0-0,0-0,0-0,0-0,0-0,0-0,0-0,0-0,0-0,0-0,0-0,0-0,0-0,0-0,0-0,0-0,0-0,0-0,0-0,0-0,0-0,0-0,0-0,0-0,0-0,0-0,0-0,0-0,0-0,0-0,N/A,0-0,0-0,0-0,0-0,0-0,,
Swift,0-1,0-1,0-1,0-0,0-0,0-0,0-0,0-0,0-1,0-0,0-0,0-0,0-0,0-0,0-0,0-0,0-0,0-0,0-0,0-0,0-0,0-0,0-0,0-0,0-0,0-0,0-0,0-0,0-0,0-0,0-0,0-0,0-0,0-0,0-0,0-0,0-0,0-0,0-0,0-0,0-0,0-0,0-0,0-0,0-0,0-0,0-0,0-0,0-0,0-0,0-0,0-0,0-0,0-0,0-0,0-0,0-0,0-0,0-0,1-0,0-0,0-0,0-0,0-1,0-0,0-0,0-0,0-0,0-0,0-0,0-0,0-0,0-0,0-0,0-0,0-0,0-0,0-0,0-0,0-1,0-0,0-0,0-0,0-0,1-0,0-0,0-0,0-1,0-0,0-0,0-0,0-0,0-0,0-0,0-0,0-0,N/A,0-0,0-0,0-0,0-0,,
Wally,0-0,0-0,0-0,0-1,0-0,0-0,0-0,0-0,0-1,0-0,0-0,0-0,0-0,0-0,0-0,0-0,0-0,0-1,0-0,0-0,0-0,0-0,0-0,0-0,0-0,0-0,0-0,0-0,0-0,0-0,0-0,1-1,1-1,1-0,0-0,0-0,0-0,0-0,0-0,0-0,0-0,0-0,0-1,0-0,0-0,0-0,0-0,0-1,2-0,0-0,0-0,0-0,0-0,0-0,0-2,0-0,1-0,0-0,0-0,0-0,0-0,0-0,0-0,0-1,0-1,0-0,0-0,0-0,0-0,0-0,0-0,0-0,0-0,0-0,1-0,0-0,0-0,0-0,0-0,0-0,0-0,0-1,1-0,0-1,0-0,0-0,0-0,0-0,0-0,0-0,0-0,0-0,1-0,0-0,0-0,0-0,0-0,N/A,0-2,0-0,0-0,Panos,
Warmmer,0-0,0-0,0-0,0-0,0-0,0-0,0-0,0-0,0-0,0-0,0-0,0-0,0-0,0-0,0-0,0-0,0-0,0-0,0-0,0-0,0-0,0-0,0-0,0-0,0-0,0-0,0-0,0-0,0-0,0-1,0-1,0-0,0-1,0-0,0-0,0-0,0-0,0-0,0-0,0-0,0-0,0-1,0-0,0-0,0-0,0-0,1-0,0-0,0-0,0-0,0-0,0-0,0-0,0-0,0-2,0-0,0-0,0-0,0-0,0-0,0-1,1-1,0-0,0-0,0-0,0-0,0-0,1-0,0-0,0-0,1-0,0-0,0-0,0-0,0-1,0-0,0-0,0-0,0-0,0-0,0-0,0-0,0-0,0-0,0-0,0-0,0-0,0-0,0-0,0-0,0-0,0-0,0-0,0-0,0-1,0-0,0-0,2-0,N/A,0-0,0-0,"OkayP.,Rabbit",
Zealot,0-0,0-0,0-0,0-1,0-0,0-0,0-0,0-0,0-0,0-0,0-0,0-0,0-1,0-0,0-0,0-0,0-0,0-1,0-0,0-0,0-0,0-0,0-0,0-0,0-0,0-0,0-0,0-0,0-0,0-0,0-0,0-0,0-0,0-0,0-0,0-0,0-0,0-0,0-0,0-0,0-0,0-0,0-0,0-0,0-0,0-0,0-0,0-0,0-0,0-0,1-0,0-0,0-0,0-0,0-0,0-0,0-0,0-0,1-0,0-0,0-0,0-0,0-0,0-0,0-0,0-0,0-0,0-0,0-0,0-0,0-0,1-0,0-0,0-0,0-0,0-0,0-0,0-0,0-0,0-0,0-0,0-0,0-0,0-0,0-0,0-0,0-0,0-0,0-0,0-0,0-0,0-1,1-0,0-0,1-0,0-0,0-0,0-0,0-0,N/A,0-0,,
Zuppy,0-0,0-0,0-0,0-0,0-0,0-0,0-0,0-0,0-0,0-0,0-0,0-0,0-0,0-0,0-3,0-0,0-0,0-0,0-0,0-0,0-0,0-0,0-0,0-0,0-0,0-0,0-0,0-0,0-0,0-0,0-0,0-0,0-0,0-0,0-0,0-0,0-0,0-0,0-0,0-0,0-0,0-0,0-0,0-0,0-0,0-0,0-0,0-0,0-0,0-0,0-0,0-0,0-0,0-0,0-0,0-0,0-0,0-0,0-0,0-0,0-0,0-0,0-0,0-0,0-0,0-0,0-0,0-0,1-0,0-0,0-0,0-0,0-0,0-0,0-0,0-0,0-0,0-0,0-0,0-0,0-0,0-0,0-0,0-0,0-0,0-0,0-0,0-0,0-0,0-0,0-0,0-0,0-0,0-0,0-0,0-0,0-0,0-0,0-0,0-0,N/A,Soonsay,
