ETossed,2saint,Aklo,Albert,aMSa,Android 0,Aura,Axe,Azel,Ben,billybopeep,bobby big ballz,Bones,Captain Smuckers,Chape,Chem,Colbol,Dacky,Drephen,Eddy Mexico,Eggy,Faceroll,Far!,FatGoku,Fiction,Fizz,Flash,Free Palestine,Frenzy,Gahtzu,Ginger,Hungrybox,iBDW,Ice,Jah Ridin',Jflex,Jmook,Juicebox,Justus,Kalamazhu,Kalvar,Khryke,KJH,KoDoRiN,Krudo,Kurv,Leffen,lloD,Logan,Lucky,Luigi Ka-Master,Magi,Mang0,Medz,Mekk,Mew2King,Michael,moky,Morsecode762,Mot$,n0ne/ Bond / wizzyfan109,Nicki,NoFluxes,null,Nut,Palpa,Panda,Pappi,Pipsqueak,Plup,Polish,Professor Pro,Ringler,Rishi,Rocky,Ryobeat,S2J,SDJ,Secrets,SFAT,SFOP,Shroomed,Skerzo,Slowking,SluG,Smashdaddy,Sock,Sora/Joshman,Spark,Swift,Tai,TheSWOOPER,Trif,Wally,Warmmer,Wevans,Wizzrobe,Zain,Zamu,Zealot,Zuppy,Other losses

2saint,N/A,0-1,0-0,0-0,0-0,0-0,0-1,0-0,0-0,0-0,0-0,0-0,0-0,0-0,0-0,0-1,0-0,0-0,0-0,0-0,0-0,0-0,0-0,0-0,0-0,0-0,0-0,0-0,0-0,0-0,0-1,0-2,0-0,0-0,0-1,0-1,0-0,0-0,0-0,0-0,0-0,0-0,0-0,0-0,0-0,0-0,0-0,0-1,0-0,0-1,0-0,0-0,0-0,0-0,0-0,0-0,0-1,0-0,0-0,1-0,0-0,0-0,0-0,0-0,0-0,0-0,0-0,0-0,0-1,0-0,0-0,0-0,0-0,0-0,0-0,0-0,0-0,0-0,0-0,0-0,0-0,0-0,0-0,0-1,0-0,0-0,0-0,0-0,0-0,0-0,1-0,0-0,0-0,0-0,0-0,0-0,0-0,0-0,0-0,0-0,,

Aklo,1-0,N/A,0-0,0-1,0-0,0-0,1-0,0-0,0-0,0-0,0-0,0-0,2-0,0-0,0-0,1-0,0-0,0-0,0-0,0-0,0-0,0-0,0-0,0-0,0-0,0-0,0-0,0-0,0-1,1-0,0-0,0-0,0-1,0-0,0-0,0-0,0-0,0-0,0-0,0-0,0-0,0-0,0-0,0-0,0-0,0-0,0-0,0-1,0-0,0-0,0-0,0-0,0-0,0-0,0-0,0-0,0-0,0-0,0-0,1-1,0-0,0-0,0-0,0-0,0-0,0-0,0-0,0-0,0-1,0-0,0-0,0-0,2-0,0-0,0-0,0-0,0-0,0-0,1-1,0-0,0-0,0-0,0-0,1-0,0-0,0-0,0-0,0-0,0-0,0-0,0-0,0-1,0-0,1-1,0-0,0-2,0-1,1-0,0-0,0-0,,

Albert,0-0,0-0,N/A,0-0,1-0,0-1,0-0,0-0,0-0,0-0,0-0,0-0,0-0,0-0,0-0,0-0,1-0,0-0,1-0,0-0,0-2,0-0,1-0,0-0,0-0,0-0,0-0,1-0,0-0,0-0,0-0,0-1,0-0,0-0,0-0,0-0,0-0,1-0,0-0,0-0,0-0,0-0,0-0,0-0,1-0,0-0,0-0,0-0,0-0,0-0,0-0,0-0,0-0,0-0,0-0,0-0,0-0,0-0,0-0,0-0,0-0,0-0,0-0,0-0,0-1,0-0,1-0,0-0,0-0,0-0,0-0,0-0,0-0,0-0,0-0,0-1,0-1,1-0,0-1,1-0,0-0,0-0,0-0,0-0,0-0,0-0,0-0,0-0,0-0,0-0,0-0,0-0,0-0,0-0,0-0,0-0,0-0,0-0,0-0,0-0,,

aMSa,0-0,1-0,0-0,N/A,0-0,0-0,0-1,0-0,0-0,0-0,0-0,0-0,0-0,0-0,0-0,0-0,0-0,0-0,0-0,0-0,0-0,1-0,0-0,0-0,0-0,0-0,1-0,0-0,1-0,0-0,1-1,0-1,0-0,0-0,0-0,1-0,0-0,0-0,1-0,0-0,0-0,0-0,0-0,0-0,0-0,0-0,1-0,0-0,0-0,0-0,0-0,2-0,0-0,0-0,0-0,0-0,0-0,0-0,0-0,1-0,0-0,0-0,0-0,0-0,0-0,0-0,0-0,0-0,0-1,0-0,0-0,0-0,0-0,0-0,0-0,0-0,0-0,0-0,1-0,0-0,0-0,0-0,0-0,0-0,0-0,0-0,0-0,0-0,0-0,0-0,0-0,0-1,0-0,0-0,0-0,0-1,0-1,0-0,0-0,0-0,,

Android 0,0-0,0-0,0-1,0-0,N/A,0-1,0-1,0-0,0-0,0-0,0-1,0-0,0-0,0-0,0-0,0-0,0-0,0-0,0-1,0-0,0-0,0-0,0-0,1-1,0-0,0-0,0-0,0-0,0-0,0-0,0-0,0-0,0-0,0-0,0-0,0-0,0-0,0-0,0-0,0-0,0-0,0-0,0-0,0-1,0-0,0-0,0-0,0-0,0-1,0-0,0-0,0-0,0-0,0-0,0-0,0-0,0-0,0-0,0-0,0-0,0-0,0-0,1-0,1-0,0-0,0-0,0-0,0-0,0-0,0-0,0-0,0-0,0-0,0-2,0-0,0-1,0-1,1-0,0-0,0-0,1-0,0-0,0-0,0-0,0-0,0-0,0-0,0-0,0-0,0-0,0-0,0-0,0-0,0-0,1-0,0-0,0-0,0-0,0-0,0-0,,

Aura,0-0,0-0,1-0,0-0,1-0,N/A,0-0,0-0,0-0,0-0,0-0,0-0,0-0,0-0,0-0,0-0,0-0,0-1,0-0,0-0,0-0,0-0,0-0,0-0,0-0,0-0,0-0,0-1,0-1,0-0,0-0,0-0,0-0,0-0,0-0,0-0,0-0,0-0,0-0,0-0,0-0,0-0,0-1,0-0,0-0,0-0,0-0,0-0,0-0,0-0,0-0,0-0,0-1,0-0,0-1,0-0,0-0,0-0,0-0,0-0,0-0,0-0,0-0,0-0,0-0,0-0,0-0,0-0,0-0,0-0,0-0,0-0,0-0,0-0,0-0,0-1,0-0,0-0,0-0,0-0,0-0,0-0,0-0,0-0,0-0,0-0,0-0,0-0,0-0,0-0,0-0,0-0,0-0,0-0,0-0,0-1,0-0,0-0,0-0,0-0,,

Axe,1-0,0-1,0-0,1-0,1-0,0-0,N/A,0-0,1-0,0-0,1-0,0-0,0-0,0-0,0-0,0-0,0-0,0-0,0-0,0-0,2-0,0-0,0-0,0-0,0-0,0-0,0-0,0-0,0-0,0-2,0-0,0-2,0-0,0-0,1-0,0-0,0-0,0-0,0-0,0-0,0-0,0-0,2-0,1-0,1-0,0-0,0-0,2-0,0-0,0-0,0-0,0-0,0-0,0-0,0-0,0-0,0-0,0-0,1-0,0-0,0-0,2-0,0-0,0-0,0-0,0-0,0-0,0-0,0-1,0-0,0-0,0-0,0-0,0-0,0-0,0-0,0-0,0-1,0-1,1-0,0-0,0-0,0-0,0-0,0-0,0-0,0-1,0-0,0-0,0-0,0-0,0-1,1-0,0-0,0-0,0-2,0-0,1-0,1-0,0-0,,

Azel,0-0,0-0,0-0,0-0,0-0,0-0,0-0,N/A,0-0,0-0,0-0,0-0,0-0,0-0,0-0,0-0,0-0,0-0,0-0,0-0,0-0,0-0,0-0,0-0,0-0,0-0,0-0,0-0,0-0,0-0,0-0,0-0,0-0,0-0,0-0,0-0,0-0,0-0,0-0,0-0,0-0,0-0,0-0,0-0,0-0,0-0,0-0,0-1,0-0,0-0,0-0,0-0,0-1,0-0,0-0,0-0,0-0,0-0,0-0,0-0,0-0,0-0,0-0,0-0,0-0,0-0,0-0,0-0,0-0,0-0,0-0,1-0,0-0,0-0,0-0,0-0,0-0,0-0,0-0,0-0,0-0,0-0,0-0,0-0,0-0,0-0,0-0,0-0,0-0,0-0,0-0,0-0,0-0,0-0,0-0,0-0,0-0,0-0,0-0,0-0,,

Ben,0-0,0-0,0-0,0-0,0-0,0-0,0-1,0-0,N/A,0-0,0-0,0-0,0-0,0-0,0-0,0-0,0-0,2-0,0-0,0-0,0-1,0-0,0-0,0-0,0-0,0-0,0-0,0-0,0-1,0-3,0-1,0-0,0-0,0-0,1-0,0-0,0-0,0-0,0-0,0-0,0-0,0-0,0-0,0-0,0-0,0-0,0-1,0-1,0-0,0-0,1-0,0-0,0-0,0-0,0-0,0-0,0-0,0-0,0-0,0-1,0-0,0-0,0-0,0-0,0-0,0-0,0-0,0-0,0-0,1-0,0-0,0-0,0-0,0-0,0-0,0-0,0-0,0-0,0-0,0-0,0-0,0-0,0-0,0-0,0-0,0-0,0-1,0-0,1-0,0-0,0-0,0-1,1-0,0-0,0-0,1-0,0-0,1-1,0-0,0-0,,

billybopeep,0-0,0-0,0-0,0-0,0-0,0-0,0-0,0-0,0-0,N/A,0-0,0-0,0-0,0-0,0-0,0-0,0-0,0-0,0-0,0-0,0-1,0-0,0-0,0-0,0-0,0-0,0-0,0-0,0-0,0-0,0-0,0-0,0-0,0-0,0-0,0-0,0-0,0-0,0-0,0-0,0-0,0-0,0-0,0-0,0-0,0-0,0-0,0-0,0-0,0-0,0-0,0-0,0-1,0-0,0-0,0-0,0-0,0-0,0-0,0-0,0-0,0-0,0-0,0-0,0-0,0-0,0-0,0-0,0-1,0-0,0-0,0-0,0-0,0-0,0-0,0-0,0-0,0-0,0-0,0-0,0-0,0-0,0-0,0-0,0-0,0-0,0-0,0-0,0-0,0-1,0-0,0-0,0-0,0-0,0-0,0-0,0-0,0-0,0-0,0-0,,

bobby big ballz,0-0,0-0,0-0,0-0,1-0,0-0,0-1,0-0,0-0,0-0,N/A,0-0,0-0,0-0,0-0,0-0,0-0,0-0,0-0,1-0,0-0,0-0,0-0,0-1,0-0,0-0,0-0,0-0,0-1,0-0,0-0,0-0,0-0,0-0,0-0,0-0,0-0,0-0,0-0,0-0,0-0,0-0,0-0,0-0,0-0,0-0,0-0,0-1,0-0,0-0,0-0,0-0,0-1,0-0,0-0,0-0,0-0,0-0,0-0,0-0,0-0,0-0,0-0,0-0,0-0,0-0,0-0,0-0,0-0,0-0,0-0,0-0,0-0,0-0,0-0,0-0,1-0,0-0,0-1,0-0,1-0,0-1,0-0,0-0,0-0,0-0,0-0,0-0,0-0,0-1,0-0,0-0,0-0,0-0,0-0,0-0,0-0,0-1,0-1,0-0,"JJM,Bbatts",

Bones,0-0,0-0,0-0,0-0,0-0,0-0,0-0,0-0,0-0,0-0,0-0,N/A,0-0,0-0,0-0,0-0,0-0,0-0,0-0,0-0,0-0,0-0,0-0,0-0,0-0,0-0,0-0,0-0,0-0,0-0,0-0,0-0,0-0,0-0,0-0,0-0,0-0,0-0,0-0,0-0,0-1,0-0,0-0,0-0,0-0,0-0,0-0,0-0,0-0,0-0,0-0,0-0,0-0,0-0,0-0,0-0,0-0,0-0,0-0,0-0,0-0,0-0,0-0,0-0,0-0,0-0,0-0,0-0,0-0,0-0,0-0,0-0,0-0,0-0,0-0,0-0,0-0,0-0,0-0,0-0,0-0,0-1,0-0,0-0,0-0,0-0,0-0,0-0,0-0,0-0,0-0,0-0,1-0,0-0,0-0,0-0,0-0,0-0,0-0,0-0,,

Captain Smuckers,0-0,0-2,0-0,0-0,0-0,0-0,0-0,0-0,0-0,0-0,0-0,0-0,N/A,0-0,0-0,0-0,0-0,0-0,0-0,0-0,0-0,0-0,0-0,0-0,0-0,0-0,0-0,0-0,0-0,0-0,0-0,0-0,0-0,0-0,0-0,0-0,0-0,0-0,0-0,0-0,0-0,0-0,0-0,0-0,0-0,0-0,0-0,0-0,0-0,0-0,0-0,0-0,0-0,0-0,0-0,0-0,0-0,0-0,0-0,0-0,0-0,0-0,0-0,0-0,0-0,0-0,0-0,0-0,0-0,0-0,0-0,0-0,0-0,0-0,0-0,0-0,0-0,0-0,0-0,0-0,0-0,0-0,0-0,0-0,0-0,0-0,0-0,0-0,0-0,0-0,1-0,0-0,0-0,0-0,0-0,0-0,0-0,0-0,0-0,0-0,"Kikoho,YAMI",

Chape,0-0,0-0,0-0,0-0,0-0,0-0,0-0,0-0,0-0,0-0,0-0,0-0,0-0,N/A,0-0,0-1,0-0,0-0,0-0,0-0,0-0,0-0,0-0,0-0,0-0,0-0,0-0,0-0,0-0,0-0,0-0,0-0,0-0,0-0,0-0,0-0,0-0,0-0,0-0,0-0,0-0,0-0,0-0,0-0,0-0,0-0,0-0,0-0,0-0,0-0,0-0,0-0,0-0,0-0,0-0,0-0,0-0,0-0,0-0,0-0,0-0,0-0,0-0,0-0,0-0,0-0,0-0,0-1,0-0,0-1,0-0,0-0,0-0,0-0,0-0,0-0,0-0,0-0,0-0,0-0,0-0,0-0,0-0,0-0,0-0,0-0,0-0,1-0,0-0,0-0,0-0,0-0,0-0,0-0,0-0,0-0,0-0,0-0,0-0,0-0,,

Chem,0-0,0-0,0-0,0-0,0-0,0-0,0-0,0-0,0-0,0-0,0-0,0-0,0-0,0-0,N/A,0-0,0-0,0-0,0-0,1-0,0-0,0-0,0-0,0-0,0-0,0-0,1-0,0-0,0-1,0-0,0-0,0-0,0-0,0-0,0-0,0-1,0-0,0-0,0-0,0-0,0-0,0-0,0-0,0-0,0-0,0-0,0-0,0-0,0-0,0-0,0-0,0-0,0-0,0-0,0-0,0-0,0-0,0-0,1-0,0-0,0-0,0-0,0-0,0-0,0-0,0-0,0-0,0-0,0-0,0-0,0-0,0-0,0-0,0-0,0-0,0-0,0-0,0-0,0-0,0-0,0-0,1-0,0-0,0-0,0-0,0-0,0-0,0-0,0-0,0-0,0-0,0-0,0-0,0-1,0-0,0-0,0-0,0-0,0-0,0-0,Woley,

Colbol,1-0,0-1,0-0,0-0,0-0,0-0,0-0,0-0,0-0,0-0,0-0,0-0,0-0,1-0,0-0,N/A,0-0,1-0,0-0,0-0,0-0,0-0,0-0,1-0,0-0,0-0,0-0,0-0,0-0,1-0,0-0,0-1,0-0,0-0,0-0,0-0,0-0,0-0,0-0,0-0,0-0,0-0,0-0,0-0,0-0,0-0,0-0,1-0,0-0,0-0,0-0,0-0,0-0,0-0,0-0,0-0,0-0,0-0,0-0,0-0,0-0,0-0,0-0,0-0,0-0,0-0,0-0,0-1,0-0,0-1,0-0,0-0,0-0,0-0,0-0,0-0,0-0,0-0,0-0,0-0,0-0,0-0,0-0,0-0,0-0,0-0,0-0,1-0,0-0,0-0,1-0,0-0,0-0,0-0,0-0,0-1,0-1,0-0,0-0,0-0,,

Dacky,0-0,0-0,0-1,0-0,0-0,0-0,0-0,0-0,0-0,0-0,0-0,0-0,0-0,0-0,0-0,0-0,N/A,0-0,0-0,0-0,0-0,0-0,0-0,0-0,0-0,0-0,0-0,0-0,0-0,0-0,0-0,0-1,0-0,0-0,0-0,0-0,0-0,0-0,1-0,0-0,0-0,0-0,0-1,0-0,0-0,0-0,0-0,0-0,0-1,0-0,0-0,0-0,0-0,0-0,0-0,0-0,0-0,0-0,1-0,0-0,0-0,0-0,0-0,0-0,0-0,0-0,0-0,0-0,0-0,0-0,0-0,0-0,0-0,0-1,0-0,0-0,0-0,0-0,0-0,0-0,0-0,0-0,0-0,0-0,0-0,0-0,0-0,0-0,0-0,0-0,0-0,0-0,0-0,0-0,0-0,0-0,0-0,0-0,0-0,0-1,Soonsay,

Drephen,0-0,0-0,0-0,0-0,0-0,1-0,0-0,0-0,0-2,0-0,0-0,0-0,0-0,0-0,0-0,0-1,0-0,N/A,0-0,0-0,0-0,0-0,0-0,0-0,0-0,0-0,0-0,0-0,0-0,0-1,0-0,0-0,0-0,0-0,0-0,0-0,0-0,0-0,0-0,0-0,0-0,0-2,0-0,0-0,0-0,0-0,0-1,0-0,0-0,0-0,0-0,0-0,0-0,0-0,0-0,0-0,0-0,1-0,0-0,0-0,0-0,0-0,0-0,0-0,0-0,0-0,0-0,0-0,0-0,0-1,0-0,1-0,0-0,0-0,0-0,0-0,0-1,0-0,0-0,0-0,0-0,4-0,0-0,0-1,0-0,0-0,0-0,0-0,0-0,0-0,2-0,0-0,0-1,0-0,0-0,0-0,0-0,0-1,0-0,0-0,,

Eddy Mexico,0-0,0-0,0-1,0-0,1-0,0-0,0-0,0-0,0-0,0-0,0-0,0-0,0-0,0-0,0-0,0-0,0-0,0-0,N/A,0-0,0-0,0-0,0-0,0-0,0-0,0-0,0-0,0-0,0-0,0-0,0-0,0-0,0-0,0-0,0-0,0-0,0-0,0-0,1-0,0-0,0-0,0-0,0-0,1-0,0-0,0-0,0-0,0-0,0-0,0-0,0-0,0-0,0-0,0-0,0-0,0-0,0-0,0-0,0-0,0-0,0-0,0-0,0-0,0-0,0-0,0-0,0-0,0-0,0-0,0-0,0-0,0-0,0-0,0-0,0-0,0-0,0-0,0-0,0-0,0-0,0-0,0-0,0-0,0-0,0-0,0-0,0-0,0-0,0-0,0-0,0-0,0-0,0-0,0-0,0-0,0-1,0-0,0-0,0-0,0-0,,

Eggy,0-0,0-0,0-0,0-0,0-0,0-0,0-0,0-0,0-0,0-0,0-1,0-0,0-0,0-0,0-1,0-0,0-0,0-0,0-0,N/A,0-0,0-0,0-0,0-0,0-0,0-0,0-0,0-0,0-0,0-0,0-1,0-0,0-0,0-0,0-0,0-0,0-1,0-0,0-0,1-0,0-0,0-0,0-0,0-0,0-0,0-0,0-0,0-1,0-0,0-0,0-0,0-0,0-0,0-0,0-0,0-0,0-0,0-0,0-0,0-0,0-0,0-0,1-0,0-0,0-0,0-0,0-0,0-0,0-0,0-0,0-0,0-0,0-0,0-0,0-0,0-0,0-0,0-0,0-0,0-0,0-0,0-0,0-0,0-0,0-0,0-0,0-0,0-0,0-0,0-0,0-0,0-0,0-0,0-1,0-0,0-0,0-0,0-0,0-0,0-0,"GodTouch,Alextrer",

Faceroll,0-0,0-0,2-0,0-0,0-0,0-0,0-2,0-0,1-0,1-0,0-0,0-0,0-0,0-0,0-0,0-0,0-0,0-0,0-0,0-0,N/A,0-0,0-0,1-0,0-0,0-0,0-0,0-0,0-0,0-0,0-0,0-0,0-0,0-0,1-0,0-0,0-0,0-0,2-0,0-0,0-0,1-0,2-0,0-0,0-0,0-0,0-0,0-0,0-2,0-0,1-0,0-0,1-0,0-0,0-0,0-0,0-0,0-0,1-0,0-0,0-0,0-0,0-0,0-0,0-0,0-0,0-0,0-0,0-2,0-0,0-0,0-0,0-0,0-0,0-0,0-0,0-0,0-0,0-1,0-0,0-0,0-0,0-0,0-0,0-0,0-0,1-0,0-1,0-0,0-0,0-0,0-2,0-0,0-0,0-0,0-0,0-0,0-0,0-0,0-0,,

Far!,0-0,0-0,0-0,0-1,0-0,0-0,0-0,0-0,0-0,0-0,0-0,0-0,0-0,0-0,0-0,0-0,0-0,0-0,0-0,0-0,0-0,N/A,0-0,0-0,1-0,0-0,0-0,0-0,0-1,0-0,0-0,0-0,0-0,0-0,0-0,0-1,0-0,0-0,0-1,0-0,0-0,0-0,0-0,0-0,0-0,0-0,0-0,1-0,0-0,0-0,0-0,0-0,0-1,0-0,0-0,0-0,0-0,0-0,0-0,0-0,0-0,0-0,0-0,0-0,0-0,0-0,0-0,0-0,0-0,0-0,0-0,0-0,0-0,0-0,0-0,0-0,0-0,0-0,0-0,0-0,0-0,0-0,0-0,0-0,0-0,0-0,0-0,0-0,0-0,0-0,0-0,0-0,0-0,0-0,0-0,0-0,0-0,0-0,0-1,0-0,,

FatGoku,0-0,0-0,0-1,0-0,0-0,0-0,0-0,0-0,0-0,0-0,0-0,0-0,0-0,0-0,0-0,0-0,0-0,0-0,0-0,0-0,0-0,0-0,N/A,1-0,0-0,0-0,0-0,0-0,0-0,0-0,0-0,0-0,0-0,0-0,0-0,0-0,0-0,0-0,0-0,0-0,0-0,1-0,0-0,0-0,0-0,0-0,0-0,0-0,0-0,0-0,0-0,0-0,0-0,0-0,0-0,0-0,0-0,0-0,0-0,0-0,0-0,0-0,0-0,1-0,0-0,0-0,0-0,0-0,0-0,0-0,0-0,0-0,0-0,0-0,0-0,0-0,0-0,0-0,0-0,1-0,0-0,0-0,0-0,0-0,0-0,0-0,0-0,0-0,0-0,0-0,0-0,0-0,0-0,0-0,0-0,0-0,0-0,0-0,0-0,0-0,Casper,

Fiction,0-0,0-0,0-0,0-0,1-1,0-0,0-0,0-0,0-0,0-0,1-0,0-0,0-0,0-0,0-0,0-1,0-0,0-0,0-0,0-0,0-1,0-0,0-1,N/A,0-0,0-0,0-0,0-0,0-0,0-1,0-1,0-0,0-0,0-0,1-0,0-0,0-0,0-0,0-0,0-0,0-0,0-0,0-1,0-0,0-0,0-0,0-0,0-0,1-0,2-0,0-0,0-0,1-0,0-0,0-0,0-0,0-0,0-0,0-0,1-0,0-1,0-0,0-0,0-0,0-0,0-0,0-0,0-0,0-1,0-0,0-0,0-0,0-0,1-0,0-0,2-0,0-0,0-0,0-1,0-0,0-0,0-0,0-0,0-0,0-0,1-0,0-0,0-0,0-0,1-0,0-0,0-0,0-0,0-0,0-0,0-0,0-0,0-0,0-0,0-0,,

Fizz,0-0,0-0,0-0,0-0,0-0,0-0,0-0,0-0,0-0,0-0,0-0,0-0,0-0,0-0,0-0,0-0,0-0,0-0,0-0,0-0,0-0,0-1,0-0,0-0,N/A,0-0,0-0,0-0,0-0,0-0,0-0,0-0,0-0,0-0,0-0,0-0,0-0,0-0,0-0,0-0,0-0,0-0,0-0,0-0,0-0,0-0,0-0,0-0,0-0,0-0,0-0,0-0,0-0,0-0,0-0,0-1,0-0,0-0,0-1,0-0,0-0,0-0,0-0,0-0,0-0,0-0,0-0,0-0,0-0,0-0,0-0,0-0,0-0,0-0,0-0,0-1,0-0,0-0,0-0,0-0,0-0,0-0,0-0,0-0,0-0,0-0,0-0,0-0,0-0,1-0,0-0,0-0,0-1,0-0,0-0,0-0,0-0,0-0,0-0,0-0,"Rooster,techboy,Hyunnies",

Flash,0-0,0-0,0-0,0-0,0-0,0-0,0-0,0-0,0-0,0-0,0-0,0-0,0-0,0-0,0-0,0-0,0-0,0-0,0-0,0-0,0-0,0-0,0-0,0-0,0-0,N/A,0-0,0-0,0-0,1-0,0-0,0-0,0-0,0-0,0-0,0-0,1-0,0-0,0-0,0-0,0-0,0-0,0-0,0-0,0-0,0-0,0-0,0-0,0-0,0-0,0-0,0-0,0-0,0-0,0-0,0-0,0-0,0-0,0-0,0-0,0-0,0-0,0-0,0-0,0-0,0-0,0-0,0-0,0-0,0-0,0-0,0-0,0-0,0-0,0-0,0-0,0-0,0-0,0-0,0-0,0-0,0-0,1-0,0-0,0-0,0-0,0-0,0-0,0-0,0-0,0-0,0-0,0-0,0-0,0-0,0-2,0-0,0-0,0-0,0-0,,

Free Palestine,0-0,0-0,0-0,0-1,0-0,0-0,0-0,0-0,0-0,0-0,0-0,0-0,0-0,0-0,0-1,0-0,0-0,0-0,0-0,0-0,0-0,0-0,0-0,0-0,0-0,0-0,N/A,0-0,0-0,0-0,0-1,0-0,0-0,0-0,0-0,0-0,0-1,0-0,0-0,0-0,0-0,0-1,1-0,0-0,0-0,0-0,0-0,0-0,0-0,0-0,0-0,0-1,0-0,0-0,0-0,0-0,0-0,0-0,0-0,0-0,0-0,0-0,0-0,0-0,0-0,0-0,0-0,0-1,0-0,1-2,0-0,0-0,0-0,0-0,0-0,0-0,0-0,0-0,0-1,0-0,0-0,0-1,0-0,0-0,0-0,0-0,0-0,0-0,0-0,0-0,0-0,0-0,0-0,0-0,0-0,0-0,0-0,1-0,0-0,0-0,,

Frenzy,0-0,0-0,0-1,0-0,0-0,1-0,0-0,0-0,0-0,0-0,0-0,0-0,0-0,0-0,0-0,0-0,0-0,0-0,0-0,0-0,0-0,0-0,0-0,0-0,0-0,0-0,0-0,N/A,0-0,0-0,0-0,0-0,1-0,0-0,0-0,1-0,0-0,0-0,0-0,0-0,0-0,0-0,0-0,0-0,0-0,0-0,0-0,0-0,0-0,0-0,0-0,0-0,0-0,0-0,0-1,0-0,0-0,0-0,0-0,0-0,0-0,0-0,0-0,0-0,0-0,1-0,0-0,0-2,0-0,0-0,3-1,0-0,0-0,0-0,0-0,0-0,0-0,0-0,0-0,0-0,0-0,0-0,0-0,0-0,0-0,0-0,0-0,0-0,0-0,0-0,0-0,0-1,0-0,0-0,0-0,0-1,0-0,0-0,0-0,0-0,"raoul,Kins0,Meady,Nintendude",

Gahtzu,0-0,1-0,0-0,0-1,0-0,1-0,0-0,0-0,1-0,0-0,1-0,0-0,0-0,0-0,1-0,0-0,0-0,0-0,0-0,0-0,0-0,2-0,0-0,0-0,0-0,0-0,0-0,0-0,N/A,0-0,0-0,0-1,0-0,0-0,0-0,0-1,0-0,0-0,0-1,0-0,0-0,0-0,0-2,0-0,0-0,0-0,1-1,0-0,1-0,0-0,0-2,0-0,0-0,0-0,0-0,0-0,0-0,0-0,0-0,0-0,0-0,0-0,0-0,0-0,0-0,0-0,0-0,0-0,0-0,0-0,0-0,0-0,0-0,0-0,0-0,1-0,0-1,0-0,0-1,0-0,0-0,0-0,0-0,0-0,0-0,0-0,0-0,0-0,0-0,0-0,0-0,0-0,0-0,0-0,0-0,0-0,0-1,0-1,0-0,0-0,,

Ginger,0-0,0-1,0-0,0-0,0-0,0-0,2-0,0-0,3-0,0-0,0-0,0-0,0-0,0-0,0-0,0-1,0-0,1-0,0-0,0-0,0-0,0-0,0-0,1-0,0-0,0-1,0-0,0-0,0-0,N/A,0-2,1-0,1-0,0-0,0-0,0-0,0-0,0-0,0-0,0-0,0-0,0-0,0-2,0-0,0-0,0-0,0-0,0-0,0-0,0-0,2-1,0-0,0-0,0-0,0-0,0-0,0-0,1-0,0-0,0-0,0-0,0-0,1-0,0-0,0-0,0-0,0-0,0-0,0-1,3-1,0-0,0-0,0-0,1-0,0-0,0-0,1-0,0-0,0-1,0-0,0-0,1-0,0-0,0-0,0-0,0-0,0-1,0-0,0-0,0-0,0-0,0-0,1-0,0-0,1-0,0-3,0-1,0-0,1-0,0-0,,

Hungrybox,1-0,0-0,0-0,1-1,0-0,0-0,0-0,0-0,1-0,0-0,0-0,0-0,0-0,0-0,0-0,0-0,0-0,0-0,0-0,1-0,0-0,0-0,0-0,1-0,0-0,0-0,1-0,0-0,0-0,2-0,N/A,1-3,0-0,0-0,0-0,0-0,0-0,0-0,0-0,0-0,0-0,0-0,3-0,0-0,0-0,0-1,1-0,0-0,0-0,1-0,2-0,0-2,0-0,0-0,0-0,0-0,1-0,0-0,0-0,1-0,1-0,0-0,0-0,0-0,0-0,0-0,0-0,1-0,0-1,0-2,0-0,0-0,0-0,0-0,0-0,1-0,1-0,0-0,1-0,0-0,0-0,0-0,0-0,0-0,1-0,1-0,0-0,0-0,1-0,0-0,0-0,0-0,0-0,0-0,0-0,1-4,0-2,1-0,0-0,0-0,,

iBDW,2-0,0-0,1-0,1-0,0-0,0-0,2-0,0-0,0-0,0-0,0-0,0-0,0-0,0-0,0-0,1-0,1-0,0-0,0-0,0-0,0-0,0-0,0-0,0-0,0-0,0-0,0-0,0-0,1-0,0-1,3-1,N/A,0-0,0-0,0-0,0-0,0-0,0-0,0-0,0-0,0-0,0-0,0-1,1-0,0-0,1-0,0-0,2-0,0-0,0-0,0-0,1-1,1-0,0-0,0-0,0-0,0-0,0-0,0-0,0-0,0-0,0-0,0-0,0-0,0-0,1-0,0-0,1-0,2-1,1-1,0-0,0-0,0-0,0-0,0-0,0-0,0-0,0-0,0-0,0-0,0-0,0-0,0-0,0-0,0-0,0-0,0-0,0-0,1-0,0-0,0-0,0-0,1-0,0-0,0-0,2-0,1-2,0-0,0-0,0-0,,

Ice,0-0,1-0,0-0,0-0,0-0,0-0,0-0,0-0,0-0,0-0,0-0,0-0,0-0,0-0,0-0,0-0,0-0,0-0,0-0,0-0,0-0,0-0,0-0,0-0,0-0,0-0,0-0,0-1,0-0,0-1,0-0,0-0,N/A,0-0,0-0,0-0,0-0,0-0,0-0,0-0,0-0,0-0,0-0,0-0,0-0,0-1,0-0,0-0,0-0,0-0,0-0,0-0,0-0,0-0,0-0,0-0,0-0,0-0,0-0,0-0,0-0,0-0,0-0,0-0,0-0,0-0,0-0,1-0,0-1,0-1,1-1,0-0,0-0,0-0,0-0,0-0,0-0,0-0,0-0,0-0,0-0,0-0,0-0,0-0,0-0,0-0,0-0,0-0,0-0,0-0,0-0,0-0,0-0,0-0,0-0,0-0,0-0,0-0,0-0,0-0,"Samedwin,CommonEnemy",

Jah Ridin',0-0,0-0,0-0,0-0,0-0,0-0,0-0,0-0,0-0,0-0,0-0,0-0,0-0,0-0,0-0,0-0,0-0,0-0,0-0,0-0,0-0,0-0,0-0,0-0,0-0,0-0,0-0,0-0,0-0,0-0,0-0,0-0,0-0,N/A,0-0,0-0,0-0,0-0,0-0,0-0,0-0,0-0,0-1,0-0,0-0,0-1,0-1,0-0,0-0,0-0,0-0,0-0,0-0,0-0,0-0,0-0,0-0,0-0,0-0,0-0,0-0,0-0,0-0,0-0,0-0,0-1,0-0,0-0,0-0,0-0,0-1,0-0,0-0,0-0,0-0,0-0,0-0,0-0,0-0,0-0,0-0,0-0,0-0,0-0,0-0,0-0,0-0,0-0,0-0,0-0,0-0,0-1,0-0,0-0,0-0,0-0,0-0,0-0,0-0,0-0,,

Jflex,1-0,0-0,0-0,0-0,0-0,0-0,0-1,0-0,0-1,0-0,0-0,0-0,0-0,0-0,0-0,0-0,0-0,0-0,0-0,0-0,0-1,0-0,0-0,0-1,0-0,0-0,0-0,0-0,0-0,0-0,0-0,0-0,0-0,0-0,N/A,1-0,0-0,0-0,0-0,2-0,0-0,0-0,0-0,0-0,0-0,0-0,0-0,1-0,0-0,0-0,0-0,0-0,0-0,1-0,0-1,0-0,0-0,0-0,0-0,0-0,0-0,1-0,0-0,0-0,0-0,0-0,0-0,0-0,0-0,0-0,0-0,0-0,0-0,1-0,0-0,0-0,1-0,0-0,0-0,0-0,0-0,0-0,0-0,0-2,0-0,0-0,0-0,0-0,0-0,0-0,0-0,0-0,0-1,1-0,0-0,0-0,0-0,0-2,0-0,0-0,,

Jmook,1-0,0-0,0-0,0-1,0-0,0-0,0-0,0-0,0-0,0-0,0-0,0-0,0-0,0-0,1-0,0-0,0-0,0-0,0-0,0-0,0-0,1-0,0-0,0-0,0-0,0-0,0-0,0-1,1-0,0-0,0-0,0-0,0-0,0-0,0-1,N/A,0-0,0-0,1-0,0-0,0-0,0-0,0-0,1-0,0-0,0-0,0-0,0-0,0-0,0-0,0-0,0-0,0-0,0-0,0-0,0-0,0-0,0-0,0-0,0-0,0-0,0-0,0-0,0-0,0-0,0-0,0-0,0-0,0-0,0-0,0-0,0-0,0-0,0-0,0-0,0-0,0-0,0-0,0-0,0-0,0-0,0-0,0-0,0-0,0-0,0-0,1-0,0-0,0-0,0-0,0-0,0-0,0-0,0-0,0-0,0-0,0-0,0-0,0-0,0-0,,

Juicebox,0-0,0-0,0-0,0-0,0-0,0-0,0-0,0-0,0-0,0-0,0-0,0-0,0-0,0-0,0-0,0-0,0-0,0-0,0-0,1-0,0-0,0-0,0-0,0-0,0-0,0-1,1-0,0-0,0-0,0-0,0-0,0-0,0-0,0-0,0-0,0-0,N/A,0-0,0-0,0-0,1-0,0-0,0-0,0-0,0-0,0-0,0-0,0-0,0-0,0-0,0-0,0-0,0-0,0-0,0-0,0-0,0-0,0-0,0-0,0-0,0-0,2-0,0-0,0-0,0-0,0-0,0-0,0-0,0-1,0-2,0-0,0-0,0-0,0-0,0-0,0-0,0-0,0-0,0-0,0-0,0-0,0-0,0-0,0-0,0-0,0-0,0-0,0-0,0-0,0-0,0-0,0-0,0-0,0-0,0-0,0-0,0-0,0-0,0-0,0-0,,

Justus,0-0,0-0,0-1,0-0,0-0,0-0,0-0,0-0,0-0,0-0,0-0,0-0,0-0,0-0,0-0,0-0,0-0,0-0,0-0,0-0,0-0,0-0,0-0,0-0,0-0,0-0,0-0,0-0,0-0,0-0,0-0,0-0,0-0,0-0,0-0,0-0,0-0,N/A,0-0,0-0,0-0,0-0,0-0,0-0,0-0,0-0,0-0,0-0,0-1,0-0,0-0,0-0,0-0,0-0,0-0,0-0,0-0,0-0,0-0,0-0,0-0,0-0,0-0,0-0,0-0,0-0,0-0,0-0,0-0,0-0,0-0,0-0,0-0,0-0,0-0,0-0,0-0,0-0,0-0,0-0,0-0,0-1,0-0,0-0,0-0,0-0,0-0,0-0,0-0,0-0,0-0,0-0,0-0,0-0,0-0,0-0,0-0,0-0,0-0,0-0,Gooms,

Kalamazhu,0-0,0-0,0-0,0-1,0-0,0-0,0-0,0-0,0-0,0-0,0-0,0-0,0-0,0-0,0-0,0-0,0-1,0-0,0-1,0-0,0-2,1-0,0-0,0-0,0-0,0-0,0-0,0-0,1-0,0-0,0-0,0-0,0-0,0-0,0-0,0-1,0-0,0-0,N/A,0-0,0-0,0-0,0-1,0-0,0-0,0-0,0-0,0-0,0-1,0-0,0-0,0-0,0-0,0-0,0-0,0-0,0-0,0-0,0-0,0-0,0-0,0-0,0-0,0-0,0-0,0-0,0-0,0-0,0-0,0-0,0-0,0-0,0-0,1-0,0-0,0-1,0-0,0-0,0-0,0-0,0-0,0-0,0-0,0-0,0-0,0-0,0-0,0-0,0-0,1-0,0-0,0-0,0-0,0-0,0-0,0-0,0-0,0-0,0-0,0-0,,

Kalvar,0-0,0-0,0-0,0-0,0-0,0-0,0-0,0-0,0-0,0-0,0-0,0-0,0-0,0-0,0-0,0-0,0-0,0-0,0-0,0-1,0-0,0-0,0-0,0-0,0-0,0-0,0-0,0-0,0-0,0-0,0-0,0-0,0-0,0-0,0-2,0-0,0-0,0-0,0-0,N/A,0-0,0-0,0-0,0-0,0-0,0-0,0-0,0-0,0-0,0-0,0-0,0-0,0-0,0-1,0-0,0-0,0-0,0-0,1-1,0-0,0-0,1-0,0-0,0-0,0-0,0-0,0-0,0-0,0-0,0-0,0-0,0-0,0-0,0-0,0-0,0-0,0-1,0-0,0-0,0-0,0-0,0-0,0-0,0-0,0-0,0-0,0-0,0-0,0-0,0-0,1-0,0-0,0-0,1-0,0-0,0-0,0-0,0-0,0-0,0-0,"JoJo,Kikoho",

Khryke,0-0,0-0,0-0,0-0,0-0,0-0,0-0,0-0,0-0,0-0,0-0,1-0,0-0,0-0,0-0,0-0,0-0,0-0,0-0,0-0,0-0,0-0,0-0,0-0,0-0,0-0,0-0,0-0,0-0,0-0,0-0,0-0,0-0,0-0,0-0,0-0,0-1,0-0,0-0,0-0,N/A,0-0,0-0,0-0,0-0,0-0,0-0,1-0,0-0,0-0,0-0,0-0,0-0,0-0,0-0,0-0,0-0,0-0,0-0,0-0,0-0,0-1,0-0,0-0,0-0,0-0,0-0,0-0,0-0,0-0,0-0,0-0,0-0,0-0,0-0,0-0,0-0,0-0,0-0,0-0,0-0,1-0,0-0,0-0,0-0,0-0,0-0,0-0,0-0,0-0,0-0,0-0,0-0,0-0,0-0,0-0,0-0,0-0,0-0,0-0,,

KJH,0-0,0-0,0-0,0-0,0-0,0-0,0-0,0-0,0-0,0-0,0-0,0-0,0-0,0-0,0-0,0-0,0-0,2-0,0-0,0-0,0-1,0-0,0-1,0-0,0-0,0-0,1-0,0-0,0-0,0-0,0-0,0-0,0-0,0-0,0-0,0-0,0-0,0-0,0-0,0-0,0-0,N/A,0-0,0-0,0-0,0-0,0-0,0-0,0-0,0-0,0-0,0-0,0-0,0-1,0-0,0-0,0-0,0-0,0-0,0-0,0-0,0-0,0-0,0-0,0-0,0-0,0-0,0-0,0-0,0-0,0-0,0-0,0-0,0-0,0-0,0-0,0-0,0-0,0-0,0-0,0-0,0-1,0-0,0-0,0-0,0-0,0-0,0-0,0-0,0-0,1-0,0-0,0-0,0-0,0-0,0-0,0-0,0-0,0-0,0-0,,

KoDoRiN,0-0,0-0,0-0,0-0,0-0,1-0,0-2,0-0,0-0,0-0,0-0,0-0,0-0,0-0,0-0,0-0,1-0,0-0,0-0,0-0,0-2,0-0,0-0,1-0,0-0,0-0,0-1,0-0,2-0,2-0,0-3,1-0,0-0,1-0,0-0,0-0,0-0,0-0,1-0,0-0,0-0,0-0,N/A,0-0,0-0,0-0,0-1,0-0,1-0,0-0,1-0,0-2,0-0,0-0,2-0,0-0,1-0,0-0,0-0,1-1,0-0,0-0,0-0,0-0,1-0,1-1,1-0,0-0,0-3,0-0,0-0,0-0,0-0,1-0,0-0,0-0,1-0,0-0,3-0,1-0,0-0,0-0,0-0,0-0,0-0,0-0,1-0,0-0,0-0,0-0,0-0,0-0,0-0,0-0,0-0,0-1,0-2,0-0,0-0,0-0,,

Krudo,0-0,0-0,0-0,0-0,1-0,0-0,0-1,0-0,0-0,0-0,0-0,0-0,0-0,0-0,0-0,0-0,0-0,0-0,0-1,0-0,0-0,0-0,0-0,0-0,0-0,0-0,0-0,0-0,0-0,0-0,0-0,0-1,0-0,0-0,0-0,0-1,0-0,0-0,0-0,0-0,0-0,0-0,0-0,N/A,0-0,0-0,0-0,0-0,0-0,0-0,0-0,0-0,0-0,0-0,1-0,0-0,0-0,0-0,0-0,0-0,0-0,0-0,0-0,0-0,0-0,0-1,0-0,0-0,0-0,0-0,0-0,0-0,0-0,0-1,0-0,0-0,0-0,0-0,0-0,0-0,0-0,0-0,0-0,0-0,0-0,0-0,0-0,0-0,0-0,0-0,0-0,0-0,0-0,0-0,0-0,0-0,0-0,0-0,0-0,0-0,,

Kurv,0-0,0-0,0-1,0-0,0-0,0-0,0-1,0-0,0-0,0-0,0-0,0-0,0-0,0-0,0-0,0-0,0-0,0-0,0-0,0-0,0-0,0-0,0-0,0-0,0-0,0-0,0-0,0-0,0-0,0-0,0-0,0-0,0-0,0-0,0-0,0-0,0-0,0-0,0-0,0-0,0-0,0-0,0-0,0-0,N/A,0-0,0-0,0-0,0-1,0-0,0-0,0-0,0-0,0-0,0-0,0-0,0-0,0-0,0-0,0-0,0-0,0-0,0-0,0-0,0-0,0-0,0-0,0-0,0-0,0-0,0-0,0-0,0-0,0-0,0-0,0-0,0-0,0-0,0-0,0-0,0-0,0-0,0-0,0-0,0-0,0-0,0-0,0-0,0-0,0-0,0-0,0-0,0-1,0-0,0-0,0-0,0-0,0-0,0-0,0-0,,

Leffen,0-0,0-0,0-0,0-0,0-0,0-0,0-0,0-0,0-0,0-0,0-0,0-0,0-0,0-0,0-0,0-0,0-0,0-0,0-0,0-0,0-0,0-0,0-0,0-0,0-0,0-0,0-0,0-0,0-0,0-0,1-0,0-1,1-0,1-0,0-0,0-0,0-0,0-0,0-0,0-0,0-0,0-0,0-0,0-0,0-0,N/A,0-0,0-0,0-0,0-0,1-0,0-1,0-0,0-0,0-0,0-0,0-0,0-0,0-0,0-0,1-0,0-0,1-0,0-0,0-0,0-0,0-0,1-0,0-0,0-0,0-0,0-0,0-0,0-0,0-0,0-0,0-0,0-0,0-0,0-0,0-0,0-0,0-0,0-0,0-0,0-0,0-0,0-0,1-0,0-0,0-0,2-0,0-0,0-0,0-0,0-1,0-0,0-0,0-0,0-0,,

lloD,0-0,0-0,0-0,0-1,0-0,0-0,0-0,0-0,1-0,0-0,0-0,0-0,0-0,0-0,0-0,0-0,0-0,1-0,0-0,0-0,0-0,0-0,0-0,0-0,0-0,0-0,0-0,0-0,1-1,0-0,0-1,0-0,0-0,1-0,0-0,0-0,0-0,0-0,0-0,0-0,0-0,0-0,1-0,0-0,0-0,0-0,N/A,0-0,0-0,0-0,0-0,0-0,0-0,0-0,0-0,0-0,0-0,0-0,0-0,1-0,0-0,0-0,0-0,0-0,0-0,1-0,0-0,0-0,0-0,0-3,0-0,0-0,0-0,0-0,0-0,0-0,0-0,0-0,0-0,1-0,0-0,0-0,1-0,0-0,0-0,0-0,0-0,0-0,0-0,0-0,0-0,0-0,0-0,0-0,0-0,0-2,0-0,1-0,0-0,0-0,Balloon Day,

Logan,1-0,1-0,0-0,0-0,0-0,0-0,0-2,1-0,1-0,0-0,1-0,0-0,0-0,0-0,0-0,0-1,0-0,0-0,0-0,1-0,0-0,0-1,0-0,0-0,0-0,0-0,0-0,0-0,0-0,0-0,0-0,0-2,0-0,0-0,0-1,0-0,0-0,0-0,0-0,0-0,0-1,0-0,0-0,0-0,0-0,0-0,0-0,N/A,0-0,0-0,0-0,0-0,0-0,0-0,0-0,0-0,1-0,0-0,0-0,0-0,0-0,0-0,0-1,0-0,0-0,1-0,0-0,0-0,0-0,0-0,0-0,0-0,0-0,0-0,0-0,0-0,0-0,0-0,0-1,0-0,0-0,0-0,0-0,0-1,0-0,0-0,0-0,0-0,1-0,0-0,1-0,0-0,0-0,0-0,0-0,0-1,0-0,0-1,0-0,0-0,,

Lucky,0-0,0-0,0-0,0-0,1-0,0-0,0-0,0-0,0-0,0-0,0-0,0-0,0-0,0-0,0-0,0-0,1-0,0-0,0-0,0-0,2-0,0-0,0-0,0-1,0-0,0-0,0-0,0-0,0-1,0-0,0-0,0-0,0-0,0-0,0-0,0-0,0-0,1-0,1-0,0-0,0-0,0-0,0-1,0-0,1-0,0-0,0-0,0-0,N/A,0-0,0-0,0-0,0-0,0-0,0-0,0-0,0-0,0-0,0-0,0-0,0-0,0-0,0-0,0-0,0-1,0-0,0-0,0-0,0-0,0-0,0-0,0-0,0-0,0-0,0-0,1-1,0-0,0-0,0-0,0-0,0-0,0-0,0-0,0-0,0-0,0-0,0-0,1-2,0-0,0-0,0-0,0-0,0-0,0-0,0-0,0-1,0-0,0-0,0-0,0-0,,

Luigi Ka-Master,1-0,0-0,0-0,0-0,0-0,0-0,0-0,0-0,0-0,0-0,0-0,0-0,0-0,0-0,0-0,0-0,0-0,0-0,0-0,0-0,0-0,0-0,0-0,0-1,0-0,0-0,0-0,0-0,0-0,0-0,0-1,0-0,0-0,0-0,0-0,0-0,0-0,0-0,0-0,0-0,0-0,0-0,0-0,0-0,0-0,0-0,0-0,0-0,0-0,N/A,0-1,0-0,0-0,0-0,0-0,0-0,0-0,0-0,0-0,0-0,0-1,0-0,0-0,0-0,0-0,0-0,0-0,0-0,0-0,0-0,0-0,0-0,0-0,0-0,0-0,0-0,0-0,0-0,0-0,0-0,0-0,0-0,0-0,0-0,0-0,0-1,0-0,0-0,0-0,0-0,0-0,0-0,1-0,0-0,1-0,0-0,0-0,0-0,0-0,0-0,,

Magi,0-0,0-0,0-0,0-0,0-0,0-0,0-0,0-0,0-1,0-0,0-0,0-0,0-0,0-0,0-0,0-0,0-0,0-0,0-0,0-0,0-1,0-0,0-0,0-0,0-0,0-0,0-0,0-0,2-0,1-2,0-2,0-0,0-0,0-0,0-0,0-0,0-0,0-0,0-0,0-0,0-0,0-0,0-1,0-0,0-0,0-1,0-0,0-0,0-0,1-0,N/A,0-0,0-1,0-0,0-0,0-0,0-0,0-0,0-0,0-1,0-0,0-0,1-1,0-0,0-0,0-0,0-0,1-0,0-0,0-1,1-0,0-0,0-0,0-0,0-0,0-0,0-0,0-0,2-0,1-0,0-0,1-0,0-0,0-0,0-0,0-0,0-0,0-0,0-0,0-0,0-0,0-0,0-0,1-0,0-0,1-1,0-0,1-1,0-0,0-0,,

Mang0,0-0,0-0,0-0,0-2,0-0,0-0,0-0,0-0,0-0,0-0,0-0,0-0,0-0,0-0,0-0,0-0,0-0,0-0,0-0,0-0,0-0,0-0,0-0,0-0,0-0,0-0,1-0,0-0,0-0,0-0,2-0,1-1,0-0,0-0,0-0,0-0,0-0,0-0,0-0,0-0,0-0,0-0,2-0,0-0,0-0,1-0,0-0,0-0,0-0,0-0,0-0,N/A,0-0,0-0,0-0,0-0,2-0,0-0,0-0,1-0,0-0,0-0,0-0,0-0,0-0,0-0,0-0,0-0,1-1,0-0,0-0,0-0,0-0,0-0,0-0,0-0,0-0,0-0,0-1,0-0,0-0,0-0,0-0,0-0,0-0,0-0,0-0,0-0,1-0,0-0,0-0,0-0,0-0,0-0,0-0,2-0,3-1,0-0,0-0,0-0,,

Medz,0-0,0-0,0-0,0-0,0-0,1-0,0-0,1-0,0-0,1-0,1-0,0-0,0-0,0-0,0-0,0-0,0-0,0-0,0-0,0-0,0-1,1-0,0-0,0-1,0-0,0-0,0-0,0-0,0-0,0-0,0-0,0-1,0-0,0-0,0-0,0-0,0-0,0-0,0-0,0-0,0-0,0-0,0-0,0-0,0-0,0-0,0-0,0-0,0-0,0-0,1-0,0-0,N/A,0-0,0-0,0-0,0-0,0-0,0-0,0-0,0-0,0-0,0-0,0-0,0-0,0-0,0-0,0-0,0-1,0-0,0-0,0-0,0-0,0-0,0-0,0-0,1-0,0-0,0-1,0-0,0-0,0-0,0-0,0-0,0-0,0-0,0-0,0-0,0-0,0-0,0-0,0-0,0-0,0-0,0-0,0-0,0-0,0-0,0-0,0-0,,

Mekk,0-0,0-0,0-0,0-0,0-0,0-0,0-0,0-0,0-0,0-0,0-0,0-0,0-0,0-0,0-0,0-0,0-0,0-0,0-0,0-0,0-0,0-0,0-0,0-0,0-0,0-0,0-0,0-0,0-0,0-0,0-0,0-0,0-0,0-0,0-1,0-0,0-0,0-0,0-0,1-0,0-0,1-0,0-0,0-0,0-0,0-0,0-0,0-0,0-0,0-0,0-0,0-0,0-0,N/A,0-1,0-0,0-0,0-0,0-0,0-0,0-0,0-0,0-0,0-0,0-0,0-1,0-0,0-0,0-0,0-0,0-0,0-0,0-0,0-0,0-0,0-0,0-0,0-0,0-0,0-0,0-1,0-0,0-0,0-0,0-0,0-0,0-0,0-0,0-0,0-0,1-0,0-0,1-0,0-0,0-0,0-0,0-0,1-2,0-0,0-0,"jakpox,Wonov",

Mew2King,0-0,0-0,0-0,0-0,0-0,1-0,0-0,0-0,0-0,0-0,0-0,0-0,0-0,0-0,0-0,0-0,0-0,0-0,0-0,0-0,0-0,0-0,0-0,0-0,0-0,0-0,0-0,1-0,0-0,0-0,0-0,0-0,0-0,0-0,1-0,0-0,0-0,0-0,0-0,0-0,0-0,0-0,0-1,0-1,0-0,0-0,0-0,0-0,0-0,0-0,0-0,0-0,0-0,1-0,N/A,0-0,0-0,0-0,0-0,0-0,0-0,0-0,0-0,0-0,0-0,0-0,0-0,0-0,0-0,0-0,0-0,0-0,0-0,0-0,0-0,0-0,0-0,0-0,0-0,0-0,0-0,0-0,0-0,0-0,0-0,0-0,0-0,0-0,0-0,0-0,0-0,0-0,0-0,0-0,0-0,0-1,0-0,0-0,0-0,0-0,,

Michael,0-0,0-0,0-0,0-0,0-0,0-0,0-0,0-0,0-0,0-0,0-0,0-0,0-0,0-0,0-0,0-0,0-0,0-0,0-0,0-0,0-0,0-0,0-0,0-0,1-0,0-0,0-0,0-0,0-0,0-0,0-0,0-0,0-0,0-0,0-0,0-0,0-0,0-0,0-0,0-0,0-0,0-0,0-0,0-0,0-0,0-0,0-0,0-0,0-0,0-0,0-0,0-0,0-0,0-0,0-0,N/A,0-0,0-0,1-0,0-0,0-0,0-0,0-0,0-0,0-0,0-0,0-0,0-0,0-0,0-1,0-0,0-0,0-0,0-0,0-0,0-0,0-0,0-0,0-0,0-0,0-0,0-0,0-0,0-0,0-0,0-0,0-0,0-0,0-0,0-0,0-0,0-0,0-0,0-0,0-0,0-0,0-0,0-2,0-0,0-0,"Voo,Blue,Ober",

moky,1-0,0-0,0-0,0-0,0-0,0-0,0-0,0-0,0-0,0-0,0-0,0-0,0-0,0-0,0-0,0-0,0-0,0-0,0-0,0-0,0-0,0-0,0-0,0-0,0-0,0-0,0-0,0-0,0-0,0-0,0-1,0-0,0-0,0-0,0-0,0-0,0-0,0-0,0-0,0-0,0-0,0-0,0-1,0-0,0-0,0-0,0-0,0-1,0-0,0-0,0-0,0-2,0-0,0-0,0-0,0-0,N/A,0-0,0-0,2-0,0-0,0-0,0-0,0-0,0-0,0-0,0-0,0-0,0-0,0-0,0-0,0-0,0-0,0-0,0-0,0-0,0-0,0-0,0-0,0-0,0-0,0-0,0-0,0-0,0-0,0-0,0-0,0-0,0-0,0-0,0-0,0-0,0-0,0-0,0-0,0-0,0-0,0-0,0-0,0-0,,

Morsecode762,0-0,0-0,0-0,0-0,0-0,0-0,0-0,0-0,0-0,0-0,0-0,0-0,0-0,0-0,0-0,0-0,0-0,0-1,0-0,0-0,0-0,0-0,0-0,0-0,0-0,0-0,0-0,0-0,0-0,0-1,0-0,0-0,0-0,0-0,0-0,0-0,0-0,0-0,0-0,0-0,0-0,0-0,0-0,0-0,0-0,0-0,0-0,0-0,0-0,0-0,0-0,0-0,0-0,0-0,0-0,0-0,0-0,N/A,1-0,0-0,0-0,0-0,0-0,0-0,0-0,0-0,0-0,0-0,0-0,0-1,0-0,0-0,0-0,0-0,0-0,0-0,0-0,0-0,0-0,0-0,0-0,1-0,0-0,0-0,0-0,0-0,0-0,0-0,0-0,0-0,0-0,0-0,1-1,0-0,0-0,0-0,0-0,1-0,0-0,0-0,,

Mot$,0-0,0-0,0-0,0-0,0-0,0-0,0-1,0-0,0-0,0-0,0-0,0-0,0-0,0-0,0-1,0-0,0-1,0-0,0-0,0-0,0-1,0-0,0-0,0-0,1-0,0-0,0-0,0-0,0-0,0-0,0-0,0-0,0-0,0-0,0-0,0-0,0-0,0-0,0-0,1-1,0-0,0-0,0-0,0-0,0-0,0-0,0-0,0-0,0-0,0-0,0-0,0-0,0-0,0-0,0-0,0-1,0-0,0-1,N/A,0-0,0-0,0-0,0-0,0-0,0-0,0-1,0-0,0-0,0-0,0-0,0-0,0-0,0-0,0-0,0-0,0-0,0-0,0-0,0-0,0-0,0-0,0-1,0-0,0-0,0-0,0-0,0-0,0-0,0-0,0-0,1-1,0-0,0-1,0-0,0-0,0-0,0-0,0-2,0-0,0-0,"Bank,Panos,Dimension",

n0ne/ Bond / wizzyfan109,0-1,1-1,0-0,0-1,0-0,0-0,0-0,0-0,1-0,0-0,0-0,0-0,0-0,0-0,0-0,0-0,0-0,0-0,0-0,0-0,0-0,0-0,0-0,0-1,0-0,0-0,0-0,0-0,0-0,0-0,0-1,0-0,0-0,0-0,0-0,0-0,0-0,0-0,0-0,0-0,0-0,0-0,1-1,0-0,0-0,0-0,0-1,0-0,0-0,0-0,0-0,0-1,0-0,0-0,0-0,0-0,0-2,0-0,0-0,N/A,0-0,0-0,0-0,1-0,0-0,0-0,0-0,0-0,0-0,0-0,0-0,0-0,0-0,0-0,0-0,0-0,0-0,0-0,0-0,0-0,0-0,0-0,0-0,0-0,0-0,0-0,0-0,0-0,0-0,0-0,0-0,0-0,0-0,0-0,0-0,1-0,0-1,0-0,0-0,3-0,,

Nicki,0-0,0-0,0-0,0-0,0-0,0-0,0-0,0-0,0-0,0-0,0-0,0-0,0-0,0-0,0-0,0-0,0-0,0-0,0-0,0-0,0-0,0-0,0-0,1-0,0-0,0-0,0-0,0-0,0-0,0-0,0-1,0-0,0-0,0-0,0-0,0-0,0-0,0-0,0-0,0-0,0-0,0-0,0-0,0-0,0-0,0-1,0-0,0-0,0-0,1-0,0-0,0-0,0-0,0-0,0-0,0-0,0-0,0-0,0-0,0-0,N/A,0-0,0-0,0-0,0-0,0-0,0-0,0-1,0-0,0-1,0-0,0-0,0-0,0-0,0-0,0-0,0-0,0-0,0-0,0-0,0-0,0-0,0-0,0-0,0-0,0-1,0-0,0-0,0-0,0-0,0-0,0-1,0-0,0-0,0-0,0-0,0-0,0-0,0-0,0-0,,

NoFluxes,0-0,0-0,0-0,0-0,0-0,0-0,0-2,0-0,0-0,0-0,0-0,0-0,0-0,0-0,0-0,0-0,0-0,0-0,0-0,0-0,0-0,0-0,0-0,0-0,0-0,0-0,0-0,0-0,0-0,0-0,0-0,0-0,0-0,0-0,0-1,0-0,0-2,0-0,0-0,0-1,1-0,0-0,0-0,0-0,0-0,0-0,0-0,0-0,0-0,0-0,0-0,0-0,0-0,0-0,0-0,0-0,0-0,0-0,0-0,0-0,0-0,N/A,0-0,0-0,0-0,0-0,0-0,0-0,0-0,0-0,0-0,0-0,0-0,0-0,0-0,0-1,0-0,1-0,0-0,0-0,0-0,0-0,0-0,2-0,0-0,0-0,0-0,0-0,0-0,0-0,0-0,0-0,1-0,0-0,0-0,0-0,0-0,0-0,0-0,0-0,"Casper,Balloon Day,Kuya",

null,0-0,0-0,0-0,0-0,0-1,0-0,0-0,0-0,0-0,0-0,0-0,0-0,0-0,0-0,0-0,0-0,0-0,0-0,0-0,0-1,0-0,0-0,0-0,0-0,0-0,0-0,0-0,0-0,0-0,0-1,0-0,0-0,0-0,0-0,0-0,0-0,0-0,0-0,0-0,0-0,0-0,0-0,0-0,0-0,0-0,0-1,0-0,1-0,0-0,0-0,1-1,0-0,0-0,0-0,0-0,0-0,0-0,0-0,0-0,0-0,0-0,0-0,N/A,0-0,0-0,0-0,0-0,0-0,0-0,0-0,0-0,0-0,0-0,0-0,0-0,0-1,0-0,0-0,0-0,0-1,0-0,0-0,0-0,0-0,0-0,0-0,0-1,0-0,0-1,1-0,0-0,0-0,0-0,0-0,0-0,0-1,0-0,0-0,0-0,0-0,,

Nut,0-0,0-0,0-0,0-0,0-1,0-0,0-0,0-0,0-0,0-0,0-0,0-0,0-0,0-0,0-0,0-0,0-0,0-0,0-0,0-0,0-0,0-0,0-1,0-0,0-0,0-0,0-0,0-0,0-0,0-0,0-0,0-0,0-0,0-0,0-0,0-0,0-0,0-0,0-0,0-0,0-0,0-0,0-0,0-0,0-0,0-0,0-0,0-0,0-0,0-0,0-0,0-0,0-0,0-0,0-0,0-0,0-0,0-0,0-0,0-1,0-0,0-0,0-0,N/A,0-0,0-0,0-0,0-0,0-0,0-0,0-0,1-0,0-0,0-0,0-0,0-0,0-1,0-1,0-0,0-0,0-0,0-0,0-0,0-0,0-0,0-0,0-0,0-0,0-0,0-0,0-0,0-0,0-0,0-0,0-0,0-0,0-0,0-0,0-0,0-0,Raikin,

Palpa,0-0,0-0,1-0,0-0,0-0,0-0,0-0,0-0,0-0,0-0,0-0,0-0,0-0,0-0,0-0,0-0,0-0,0-0,0-0,0-0,0-0,0-0,0-0,0-0,0-0,0-0,0-0,0-0,0-0,0-0,0-0,0-0,0-0,0-0,0-0,0-0,0-0,0-0,0-0,0-0,0-0,0-0,0-1,0-0,0-0,0-0,0-0,0-0,1-0,0-0,0-0,0-0,0-0,0-0,0-0,0-0,0-0,0-0,0-0,0-0,0-0,0-0,0-0,0-0,N/A,0-0,0-0,0-0,0-0,0-0,0-0,0-0,0-0,0-0,0-0,0-1,0-0,0-0,0-0,0-0,0-0,0-0,0-0,0-0,0-0,0-0,0-0,0-0,0-0,0-0,0-0,0-0,0-0,0-0,0-0,0-0,0-0,0-0,0-0,0-0,,

Panda,0-0,0-0,0-0,0-0,0-0,0-0,0-0,0-0,0-0,0-0,0-0,0-0,0-0,0-0,0-0,0-0,0-0,0-0,0-0,0-0,0-0,0-0,0-0,0-0,0-0,0-0,0-0,0-1,0-0,0-0,0-0,0-1,0-0,1-0,0-0,0-0,0-0,0-0,0-0,0-0,0-0,0-0,1-1,1-0,0-0,0-0,0-1,0-1,0-0,0-0,0-0,0-0,0-0,1-0,0-0,0-0,0-0,0-0,1-0,0-0,0-0,0-0,0-0,0-0,0-0,N/A,0-0,0-0,0-0,0-0,0-0,0-0,0-0,0-0,0-0,0-0,0-0,0-0,0-0,0-0,1-0,1-0,0-0,0-1,0-0,0-0,0-0,0-0,0-0,0-0,0-0,0-0,0-0,0-0,0-0,0-0,0-0,0-0,0-0,0-0,,

Pappi,0-0,0-0,0-1,0-0,0-0,0-0,0-0,0-0,0-0,0-0,0-0,0-0,0-0,0-0,0-0,0-0,0-0,0-0,0-0,0-0,0-0,0-0,0-0,0-0,0-0,0-0,0-0,0-0,0-0,0-0,0-0,0-0,0-0,0-0,0-0,0-0,0-0,0-0,0-0,0-0,0-0,0-0,0-1,0-0,0-0,0-0,0-0,0-0,0-0,0-0,0-0,0-0,0-0,0-0,0-0,0-0,0-0,0-0,0-0,0-0,0-0,0-0,0-0,0-0,0-0,0-0,N/A,0-0,0-0,0-0,0-0,0-0,0-0,0-0,0-0,0-0,0-0,0-0,0-0,0-0,0-0,1-0,0-0,0-0,0-0,0-0,0-0,0-0,0-0,0-0,0-0,0-0,0-0,0-0,0-0,0-0,0-0,0-0,0-0,0-0,,

Pipsqueak,0-0,0-0,0-0,0-0,0-0,0-0,0-0,0-0,0-0,0-0,0-0,0-0,0-0,1-0,0-0,1-0,0-0,0-0,0-0,0-0,0-0,0-0,0-0,0-0,0-0,0-0,1-0,2-0,0-0,0-0,0-1,0-1,0-1,0-0,0-0,0-0,0-0,0-0,0-0,0-0,0-0,0-0,0-0,0-0,0-0,0-1,0-0,0-0,0-0,0-0,0-1,0-0,0-0,0-0,0-0,0-0,0-0,0-0,0-0,0-0,1-0,0-0,0-0,0-0,0-0,0-0,0-0,N/A,0-1,1-1,3-0,0-0,0-0,0-0,0-0,0-0,0-0,0-0,0-0,0-0,0-0,0-0,0-0,0-0,0-0,0-0,0-0,1-0,1-0,0-0,0-0,0-1,0-0,0-0,0-0,0-0,0-0,0-0,0-0,0-0,,

Plup,1-0,1-0,0-0,1-0,0-0,0-0,1-0,0-0,0-0,1-0,0-0,0-0,0-0,0-0,0-0,0-0,0-0,0-0,0-0,0-0,2-0,0-0,0-0,1-0,0-0,0-0,0-0,0-0,0-0,1-0,1-0,1-2,1-0,0-0,0-0,0-0,1-0,0-0,0-0,0-0,0-0,0-0,3-0,0-0,0-0,0-0,0-0,0-0,0-0,0-0,0-0,1-1,1-0,0-0,0-0,0-0,0-0,0-0,0-0,0-0,0-0,0-0,0-0,0-0,0-0,0-0,0-0,1-0,N/A,0-0,0-0,0-0,0-0,0-0,0-0,0-0,0-0,0-0,3-1,0-0,0-0,0-0,0-0,0-0,0-0,0-0,0-0,0-0,0-0,0-0,0-0,0-0,0-0,0-0,0-0,3-0,0-1,0-0,0-0,0-0,,

Polish,0-0,0-0,0-0,0-0,0-0,0-0,0-0,0-0,0-1,0-0,0-0,0-0,0-0,1-0,0-0,1-0,0-0,1-0,0-0,0-0,0-0,0-0,0-0,0-0,0-0,0-0,2-1,0-0,0-0,1-3,2-0,1-1,1-0,0-0,0-0,0-0,2-0,0-0,0-0,0-0,0-0,0-0,0-0,0-0,0-0,0-0,3-0,0-0,0-0,0-0,1-0,0-0,0-0,0-0,0-0,1-0,0-0,1-0,0-0,0-0,1-0,0-0,0-0,0-0,0-0,0-0,0-0,1-1,0-0,N/A,0-0,0-0,0-0,0-0,0-0,0-0,0-0,0-0,0-0,0-0,0-0,1-0,0-0,0-0,0-0,0-0,0-0,1-0,0-0,0-0,3-0,1-0,1-0,0-0,0-0,0-1,0-1,1-0,0-0,0-0,,

Professor Pro,0-0,0-0,0-0,0-0,0-0,0-0,0-0,0-0,0-0,0-0,0-0,0-0,0-0,0-0,0-0,0-0,0-0,0-0,0-0,0-0,0-0,0-0,0-0,0-0,0-0,0-0,0-0,1-3,0-0,0-0,0-0,0-0,1-1,1-0,0-0,0-0,0-0,0-0,0-0,0-0,0-0,0-0,0-0,0-0,0-0,0-0,0-0,0-0,0-0,0-0,0-1,0-0,0-0,0-0,0-0,0-0,0-0,0-0,0-0,0-0,0-0,0-0,0-0,0-0,0-0,0-0,0-0,0-3,0-0,0-0,N/A,0-0,0-0,0-0,0-0,0-0,0-0,0-0,0-1,0-0,0-0,0-0,0-0,0-0,0-0,0-0,0-0,0-0,0-0,0-0,0-0,0-0,0-0,0-0,0-0,0-0,0-0,1-0,0-0,0-0,Kins0,

Ringler,0-0,0-0,0-0,0-0,0-0,0-0,0-0,0-1,0-0,0-0,0-0,0-0,0-0,0-0,0-0,0-0,0-0,0-1,0-0,0-0,0-0,0-0,0-0,0-0,0-0,0-0,0-0,0-0,0-0,0-0,0-0,0-0,0-0,0-0,0-0,0-0,0-0,0-0,0-0,0-0,0-0,0-0,0-0,0-0,0-0,0-0,0-0,0-0,0-0,0-0,0-0,0-0,0-0,0-0,0-0,0-0,0-0,0-0,0-0,0-0,0-0,0-0,0-0,0-1,0-0,0-0,0-0,0-0,0-0,0-0,0-0,N/A,0-0,0-0,0-0,0-1,0-1,0-0,0-0,0-0,1-0,0-0,0-1,0-0,0-0,0-0,0-0,0-1,0-0,0-0,0-0,0-0,0-0,0-0,0-0,0-0,0-0,1-0,0-0,0-0,"Third Strongest,Fury,Chango",

Rishi,0-0,0-2,0-0,0-0,0-0,0-0,0-0,0-0,0-0,0-0,0-0,0-0,0-0,0-0,0-0,0-0,0-0,0-0,0-0,0-0,0-0,0-0,0-0,0-0,0-0,0-0,0-0,0-0,0-0,0-0,0-0,0-0,0-0,0-0,0-0,0-0,0-0,0-0,0-0,0-0,0-0,0-0,0-0,0-0,0-0,0-0,0-0,0-0,0-0,0-0,0-0,0-0,0-0,0-0,0-0,0-0,0-0,0-0,0-0,0-0,0-0,0-0,0-0,0-0,0-0,0-0,0-0,0-0,0-0,0-0,0-0,0-0,N/A,0-0,0-0,0-0,0-0,0-0,0-0,0-0,0-0,0-0,0-0,0-0,0-0,0-0,0-0,0-0,0-0,0-0,1-0,0-0,0-0,1-0,0-0,0-0,0-0,0-0,0-0,0-0,,

Rocky,0-0,0-0,0-0,0-0,2-0,0-0,0-0,0-0,0-0,0-0,0-0,0-0,0-0,0-0,0-0,0-0,1-0,0-0,0-0,0-0,0-0,0-0,0-0,0-1,0-0,0-0,0-0,0-0,0-0,0-1,0-0,0-0,0-0,0-0,0-1,0-0,0-0,0-0,0-1,0-0,0-0,0-0,0-1,1-0,0-0,0-0,0-0,0-0,0-0,0-0,0-0,0-0,0-0,0-0,0-0,0-0,0-0,0-0,0-0,0-0,0-0,0-0,0-0,0-0,0-0,0-0,0-0,0-0,0-0,0-0,0-0,0-0,0-0,N/A,0-0,0-0,0-0,0-0,0-0,0-0,0-0,0-0,0-0,0-0,0-0,0-0,0-0,0-0,0-0,0-0,0-0,0-0,0-0,0-0,0-0,0-0,0-0,0-0,0-0,0-0,,

Ryobeat,0-0,0-0,0-0,0-0,0-0,0-0,0-0,0-0,0-0,0-0,0-0,0-0,0-0,0-0,0-0,0-0,0-0,0-0,0-0,0-0,0-0,0-0,0-0,0-0,0-0,0-0,0-0,0-0,0-0,0-0,0-0,0-0,0-0,0-0,0-0,0-0,0-0,0-0,0-0,0-0,0-0,0-0,0-0,0-0,0-0,0-0,0-0,0-0,0-0,0-0,0-0,0-0,0-0,0-0,0-0,0-0,0-0,0-0,0-0,0-0,0-0,0-0,0-0,0-0,0-0,0-0,0-0,0-0,0-0,0-0,0-0,0-0,0-0,0-0,N/A,0-0,0-0,0-0,0-0,0-0,0-0,0-0,0-0,0-0,0-0,0-0,0-0,0-0,0-0,0-0,1-1,0-0,0-0,0-1,0-0,0-0,0-0,0-0,0-0,0-0,,

S2J,0-0,0-0,1-0,0-0,1-0,1-0,0-0,0-0,0-0,0-0,0-0,0-0,0-0,0-0,0-0,0-0,0-0,0-0,0-0,0-0,0-0,0-0,0-0,0-2,1-0,0-0,0-0,0-0,0-1,0-0,0-1,0-0,0-0,0-0,0-0,0-0,0-0,0-0,1-0,0-0,0-0,0-0,0-0,0-0,0-0,0-0,0-0,0-0,1-1,0-0,0-0,0-0,0-0,0-0,0-0,0-0,0-0,0-0,0-0,1-0,0-0,1-0,1-0,0-0,1-0,0-0,0-0,0-0,0-0,0-0,0-0,1-0,0-0,0-0,0-0,N/A,0-0,0-0,0-2,0-1,0-0,0-0,0-0,0-0,0-0,0-0,0-0,0-0,0-0,0-0,0-0,0-0,0-0,0-0,0-0,0-0,0-0,1-0,0-0,0-0,,

SDJ,0-0,0-0,1-0,0-0,1-0,0-0,0-0,0-0,0-0,0-0,0-1,0-0,0-0,0-0,0-0,0-0,0-0,1-0,0-0,0-0,0-0,0-0,0-0,0-0,0-0,0-0,0-0,0-0,1-0,0-1,0-1,0-0,0-0,0-0,0-1,0-0,0-0,0-0,0-0,1-0,0-0,0-0,0-1,0-0,0-0,0-0,0-0,0-0,0-0,0-0,0-0,0-0,0-1,0-0,0-0,0-0,0-0,0-0,0-0,0-0,0-0,0-0,0-0,1-0,0-0,0-0,0-0,0-0,0-0,0-0,0-0,1-0,0-0,0-0,0-0,0-0,N/A,0-0,0-0,0-0,0-0,0-0,0-0,0-0,0-0,0-0,0-0,0-0,0-0,0-0,0-0,0-0,0-0,0-0,0-0,0-0,0-0,0-0,0-0,0-0,,

Secrets,0-0,0-0,0-1,0-0,0-1,0-0,1-0,0-0,0-0,0-0,0-0,0-0,0-0,0-0,0-0,0-0,0-0,0-0,0-0,0-0,0-0,0-0,0-0,0-0,0-0,0-0,0-0,0-0,0-0,0-0,0-0,0-0,0-0,0-0,0-0,0-0,0-0,0-0,0-0,0-0,0-0,0-0,0-0,0-0,0-0,0-0,0-0,0-0,0-0,0-0,0-0,0-0,0-0,0-0,0-0,0-0,0-0,0-0,0-0,0-0,0-0,0-1,0-0,1-0,0-0,0-0,0-0,0-0,0-0,0-0,0-0,0-0,0-0,0-0,0-0,0-0,0-0,N/A,0-0,0-0,0-0,0-0,0-0,0-0,0-0,0-0,0-0,0-0,0-0,0-0,0-0,0-0,0-0,0-0,0-0,0-0,0-0,0-0,0-0,0-0,"Balloon Day,Conman,Conman",

SFAT,0-0,1-1,1-0,0-1,0-0,0-0,1-0,0-0,0-0,0-0,1-0,0-0,0-0,0-0,0-0,0-0,0-0,0-0,0-0,0-0,1-0,0-0,0-0,1-0,0-0,0-0,1-0,0-0,1-0,1-0,0-1,0-0,0-0,0-0,0-0,0-0,0-0,0-0,0-0,0-0,0-0,0-0,0-3,0-0,0-0,0-0,0-0,1-0,0-0,0-0,0-2,1-0,1-0,0-0,0-0,0-0,0-0,0-0,0-0,0-0,0-0,0-0,0-0,0-0,0-0,0-0,0-0,0-0,1-3,0-0,1-0,0-0,0-0,0-0,0-0,2-0,0-0,0-0,N/A,0-0,0-0,0-0,0-0,0-0,0-0,0-0,1-0,0-0,0-0,1-0,0-0,0-0,0-0,0-0,0-0,1-2,0-1,1-0,1-0,0-0,,

SFOP,0-0,0-0,0-1,0-0,0-0,0-0,0-1,0-0,0-0,0-0,0-0,0-0,0-0,0-0,0-0,0-0,0-0,0-0,0-0,0-0,0-0,0-0,0-1,0-0,0-0,0-0,0-0,0-0,0-0,0-0,0-0,0-0,0-0,0-0,0-0,0-0,0-0,0-0,0-0,0-0,0-0,0-0,0-1,0-0,0-0,0-0,0-1,0-0,0-0,0-0,0-1,0-0,0-0,0-0,0-0,0-0,0-0,0-0,0-0,0-0,0-0,0-0,1-0,0-0,0-0,0-0,0-0,0-0,0-0,0-0,0-0,0-0,0-0,0-0,0-0,1-0,0-0,0-0,0-0,N/A,0-0,0-0,0-0,0-0,0-0,0-0,0-0,0-0,0-0,0-0,0-0,0-0,0-0,0-0,0-0,0-0,0-0,0-0,1-0,0-0,,

Shroomed,0-0,0-0,0-0,0-0,0-1,0-0,0-0,0-0,0-0,0-0,0-1,0-0,0-0,0-0,0-0,0-0,0-0,0-0,0-0,0-0,0-0,0-0,0-0,0-0,0-0,0-0,0-0,0-0,0-0,0-0,0-0,0-0,0-0,0-0,0-0,0-0,0-0,0-0,0-0,0-0,0-0,0-0,0-0,0-0,0-0,0-0,0-0,0-0,0-0,0-0,0-0,0-0,0-0,1-0,0-0,0-0,0-0,0-0,0-0,0-0,0-0,0-0,0-0,0-0,0-0,0-1,0-0,0-0,0-0,0-0,0-0,0-1,0-0,0-0,0-0,0-0,0-0,0-0,0-0,0-0,N/A,0-0,0-0,0-0,0-0,0-0,0-0,0-0,0-0,0-0,0-0,0-0,0-0,0-0,0-0,0-0,0-0,0-0,0-0,0-0,,

Skerzo,0-0,0-0,0-0,0-0,0-0,0-0,0-0,0-0,0-0,0-0,1-0,1-0,0-0,0-0,0-1,0-0,0-0,0-4,0-0,0-0,0-0,0-0,0-0,0-0,0-0,0-0,1-0,0-0,0-0,0-1,0-0,0-0,0-0,0-0,0-0,0-0,0-0,1-0,0-0,0-0,0-1,1-0,0-0,0-0,0-0,0-0,0-0,0-0,0-0,0-0,0-1,0-0,0-0,0-0,0-0,0-0,0-0,0-1,1-0,0-0,0-0,0-0,0-0,0-0,0-0,0-1,0-1,0-0,0-0,0-1,0-0,0-0,0-0,0-0,0-0,0-0,0-0,0-0,0-0,0-0,0-0,N/A,0-0,0-0,0-0,0-0,0-0,0-0,0-0,0-0,0-0,0-0,0-1,0-0,0-0,0-0,0-0,0-0,0-1,0-0,"Unsure,Conman",

Slowking,0-0,0-0,0-0,0-0,0-0,0-0,0-0,0-0,0-0,0-0,0-0,0-0,0-0,0-0,0-0,0-0,0-0,0-0,0-0,0-0,0-0,0-0,0-0,0-0,0-0,0-1,0-0,0-0,0-0,0-0,0-0,0-0,0-0,0-0,0-0,0-0,0-0,0-0,0-0,0-0,0-0,0-0,0-0,0-0,0-0,0-0,0-1,0-0,0-0,0-0,0-0,0-0,0-0,0-0,0-0,0-0,0-0,0-0,0-0,0-0,0-0,0-0,0-0,0-0,0-0,0-0,0-0,0-0,0-0,0-0,0-0,1-0,0-0,0-0,0-0,0-0,0-0,0-0,0-0,0-0,0-0,0-0,N/A,0-0,0-0,0-0,0-0,0-0,0-0,0-0,0-0,0-0,0-0,0-0,0-0,0-0,0-0,0-0,0-0,0-0,,

SluG,1-0,0-1,0-0,0-0,0-0,0-0,0-0,0-0,0-0,0-0,0-0,0-0,0-0,0-0,0-0,0-0,0-0,1-0,0-0,0-0,0-0,0-0,0-0,0-0,0-0,0-0,0-0,0-0,0-0,0-0,0-0,0-0,0-0,0-0,2-0,0-0,0-0,0-0,0-0,0-0,0-0,0-0,0-0,0-0,0-0,0-0,0-0,1-0,0-0,0-0,0-0,0-0,0-0,0-0,0-0,0-0,0-0,0-0,0-0,1-0,0-0,0-2,0-0,0-0,0-0,1-0,0-0,0-0,0-0,0-0,0-0,0-0,0-0,0-0,0-0,0-0,0-0,0-0,0-0,0-0,0-0,0-0,0-0,N/A,0-1,0-0,0-0,0-0,0-0,0-0,0-0,0-0,0-0,1-0,0-0,0-0,0-0,0-0,0-1,0-0,Bbatts,

Smashdaddy,0-0,0-0,0-0,0-0,0-0,0-0,0-0,0-0,0-0,0-0,0-0,0-0,0-0,0-0,0-0,0-0,0-0,0-0,0-0,0-0,0-0,0-0,0-0,0-0,0-0,0-0,0-0,0-0,0-0,0-0,0-1,0-0,0-0,0-0,0-0,0-0,0-0,0-0,0-0,0-0,0-0,0-0,0-0,0-0,0-0,0-0,0-0,0-0,0-0,0-0,0-0,0-0,0-0,0-0,0-0,0-0,0-0,0-0,0-0,0-0,0-0,0-0,0-0,0-0,0-0,0-0,0-0,0-0,0-0,0-0,0-0,0-0,0-0,0-0,0-0,0-0,0-0,0-0,0-0,0-0,0-0,0-0,0-0,1-0,N/A,0-0,0-0,0-0,0-0,0-0,0-0,0-0,0-0,0-0,0-0,0-0,0-0,1-0,0-1,0-0,,

Sock,0-0,0-0,0-0,0-0,0-0,0-0,0-0,0-0,0-0,0-0,0-0,0-0,0-0,0-0,0-0,0-0,0-0,0-0,0-0,0-0,0-0,0-0,0-0,0-1,0-0,0-0,0-0,0-0,0-0,0-0,0-1,0-0,0-0,0-0,0-0,0-0,0-0,0-0,0-0,0-0,0-0,0-0,0-0,0-0,0-0,0-0,0-0,0-0,0-0,1-0,0-0,0-0,0-0,0-0,0-0,0-0,0-0,0-0,0-0,0-0,1-0,0-0,0-0,0-0,0-0,0-0,0-0,0-0,0-0,0-0,0-0,0-0,0-0,0-0,0-0,0-0,0-0,0-0,0-0,0-0,0-0,0-0,0-0,0-0,0-0,N/A,0-0,0-0,0-0,0-0,0-0,0-0,0-0,0-0,0-0,0-0,0-0,0-0,0-0,0-0,,

Sora/Joshman,0-0,0-0,0-0,0-0,0-0,0-0,1-0,0-0,1-0,0-0,0-0,0-0,0-0,0-0,0-0,0-0,0-0,0-0,0-0,0-0,0-1,0-0,0-0,0-0,0-0,0-0,0-0,0-0,0-0,1-0,0-0,0-0,0-0,0-0,0-0,0-1,0-0,0-0,0-0,0-0,0-0,0-0,0-1,0-0,0-0,0-0,0-0,0-0,0-0,0-0,0-0,0-0,0-0,0-0,0-0,0-0,0-0,0-0,0-0,0-0,0-0,0-0,1-0,0-0,0-0,0-0,0-0,0-0,0-0,0-0,0-0,0-0,0-0,0-0,0-0,0-0,0-0,0-0,0-1,0-0,0-0,0-0,0-0,0-0,0-0,0-0,N/A,0-0,0-1,0-0,0-0,0-1,0-0,0-0,0-0,0-0,0-1,0-0,0-0,0-0,,

Spark,0-0,0-0,0-0,0-0,0-0,0-0,0-0,0-0,0-0,0-0,0-0,0-0,0-0,0-1,0-0,0-1,0-0,0-0,0-0,0-0,1-0,0-0,0-0,0-0,0-0,0-0,0-0,0-0,0-0,0-0,0-0,0-0,0-0,0-0,0-0,0-0,0-0,0-0,0-0,0-0,0-0,0-0,0-0,0-0,0-0,0-0,0-0,0-0,2-1,0-0,0-0,0-0,0-0,0-0,0-0,0-0,0-0,0-0,0-0,0-0,0-0,0-0,0-0,0-0,0-0,0-0,0-0,0-1,0-0,0-1,0-0,1-0,0-0,0-0,0-0,0-0,0-0,0-0,0-0,0-0,0-0,0-0,0-0,0-0,0-0,0-0,0-0,N/A,0-0,0-0,0-0,0-0,0-0,0-0,0-0,0-0,0-0,0-0,0-0,0-0,,

Swift,0-0,0-0,0-0,0-0,0-0,0-0,0-0,0-0,0-1,0-0,0-0,0-0,0-0,0-0,0-0,0-0,0-0,0-0,0-0,0-0,0-0,0-0,0-0,0-0,0-0,0-0,0-0,0-0,0-0,0-0,0-1,0-1,0-0,0-0,0-0,0-0,0-0,0-0,0-0,0-0,0-0,0-0,0-0,0-0,0-0,0-1,0-0,0-1,0-0,0-0,0-0,0-1,0-0,0-0,0-0,0-0,0-0,0-0,0-0,0-0,0-0,0-0,1-0,0-0,0-0,0-0,0-0,0-1,0-0,0-0,0-0,0-0,0-0,0-0,0-0,0-0,0-0,0-0,0-0,0-0,0-0,0-0,0-0,0-0,0-0,0-0,1-0,0-0,N/A,0-0,0-0,0-0,0-0,0-0,0-0,0-0,0-0,0-0,0-0,0-0,,

Tai,0-0,0-0,0-0,0-0,0-0,0-0,0-0,0-0,0-0,1-0,1-0,0-0,0-0,0-0,0-0,0-0,0-0,0-0,0-0,0-0,0-0,0-0,0-0,0-1,0-1,0-0,0-0,0-0,0-0,0-0,0-0,0-0,0-0,0-0,0-0,0-0,0-0,0-0,0-1,0-0,0-0,0-0,0-0,0-0,0-0,0-0,0-0,0-0,0-0,0-0,0-0,0-0,0-0,0-0,0-0,0-0,0-0,0-0,0-0,0-0,0-0,0-0,0-1,0-0,0-0,0-0,0-0,0-0,0-0,0-0,0-0,0-0,0-0,0-0,0-0,0-0,0-0,0-0,0-1,0-0,0-0,0-0,0-0,0-0,0-0,0-0,0-0,0-0,0-0,N/A,0-0,0-0,0-0,0-0,0-0,0-0,0-0,0-0,0-0,0-0,,

TheSWOOPER,0-1,0-0,0-0,0-0,0-0,0-0,0-0,0-0,0-0,0-0,0-0,0-0,0-1,0-0,0-0,0-1,0-0,0-2,0-0,0-0,0-0,0-0,0-0,0-0,0-0,0-0,0-0,0-0,0-0,0-0,0-0,0-0,0-0,0-0,0-0,0-0,0-0,0-0,0-0,0-1,0-0,0-1,0-0,0-0,0-0,0-0,0-0,0-1,0-0,0-0,0-0,0-0,0-0,0-1,0-0,0-0,0-0,0-0,1-1,0-0,0-0,0-0,0-0,0-0,0-0,0-0,0-0,0-0,0-0,0-3,0-0,0-0,0-1,0-0,1-1,0-0,0-0,0-0,0-0,0-0,0-0,0-0,0-0,0-0,0-0,0-0,0-0,0-0,0-0,0-0,N/A,0-0,2-0,2-0,0-0,0-0,0-0,1-1,0-0,0-0,The Leaf,

Trif,0-0,1-0,0-0,1-0,0-0,0-0,1-0,0-0,1-0,0-0,0-0,0-0,0-0,0-0,0-0,0-0,0-0,0-0,0-0,0-0,2-0,0-0,0-0,0-0,0-0,0-0,0-0,1-0,0-0,0-0,0-0,0-0,0-0,1-0,0-0,0-0,0-0,0-0,0-0,0-0,0-0,0-0,0-0,0-0,0-0,0-2,0-0,0-0,0-0,0-0,0-0,0-0,0-0,0-0,0-0,0-0,0-0,0-0,0-0,0-0,1-0,0-0,0-0,0-0,0-0,0-0,0-0,1-0,0-0,0-1,0-0,0-0,0-0,0-0,0-0,0-0,0-0,0-0,0-0,0-0,0-0,0-0,0-0,0-0,0-0,0-0,1-0,0-0,0-0,0-0,0-0,N/A,0-0,0-0,0-0,0-1,0-0,0-0,0-0,0-0,,

Wally,0-0,0-0,0-0,0-0,0-0,0-0,0-1,0-0,0-1,0-0,0-0,0-1,0-0,0-0,0-0,0-0,0-0,1-0,0-0,0-0,0-0,0-0,0-0,0-0,1-0,0-0,0-0,0-0,0-0,0-1,0-0,0-1,0-0,0-0,1-0,0-0,0-0,0-0,0-0,0-0,0-0,0-0,0-0,0-0,2-0,0-0,0-0,0-0,0-0,0-1,0-0,0-0,0-0,0-1,0-0,0-0,0-0,1-1,1-0,0-0,0-0,0-1,0-0,0-0,0-0,0-0,0-0,0-0,0-0,0-1,0-0,0-0,0-0,0-0,0-0,0-0,0-0,0-0,0-0,0-0,0-0,1-0,0-0,0-0,0-0,0-0,0-0,0-0,0-0,0-0,0-2,0-0,N/A,0-2,0-0,0-0,0-0,1-1,0-0,0-0,Panos,

Warmmer,0-0,1-1,0-0,0-0,0-0,0-0,0-0,0-0,0-0,0-0,0-0,0-0,0-0,0-0,1-0,0-0,0-0,0-0,0-0,1-0,0-0,0-0,0-0,0-0,0-0,0-0,0-0,0-0,0-0,0-0,0-0,0-0,0-0,0-0,0-1,0-0,0-0,0-0,0-0,0-1,0-0,0-0,0-0,0-0,0-0,0-0,0-0,0-0,0-0,0-0,0-1,0-0,0-0,0-0,0-0,0-0,0-0,0-0,0-0,0-0,0-0,0-0,0-0,0-0,0-0,0-0,0-0,0-0,0-0,0-0,0-0,0-0,0-1,0-0,1-0,0-0,0-0,0-0,0-0,0-0,0-0,0-0,0-0,0-1,0-0,0-0,0-0,0-0,0-0,0-0,0-2,0-0,2-0,N/A,0-1,0-0,0-0,0-1,0-0,0-0,"OkayP.,Rabbit",

Wevans,0-0,0-0,0-0,0-0,0-1,0-0,0-0,0-0,0-0,0-0,0-0,0-0,0-0,0-0,0-0,0-0,0-0,0-0,0-0,0-0,0-0,0-0,0-0,0-0,0-0,0-0,0-0,0-0,0-0,0-1,0-0,0-0,0-0,0-0,0-0,0-0,0-0,0-0,0-0,0-0,0-0,0-0,0-0,0-0,0-0,0-0,0-0,0-0,0-0,0-1,0-0,0-0,0-0,0-0,0-0,0-0,0-0,0-0,0-0,0-0,0-0,0-0,0-0,0-0,0-0,0-0,0-0,0-0,0-0,0-0,0-0,0-0,0-0,0-0,0-0,0-0,0-0,0-0,0-0,0-0,0-0,0-0,0-0,0-0,0-0,0-0,0-0,0-0,0-0,0-0,0-0,0-0,0-0,1-0,N/A,0-1,0-0,0-0,0-0,0-0,,

Wizzrobe,0-0,2-0,0-0,1-0,0-0,1-0,2-0,0-0,0-1,0-0,0-0,0-0,0-0,0-0,0-0,1-0,0-0,0-0,1-0,0-0,0-0,0-0,0-0,0-0,0-0,2-0,0-0,1-0,0-0,3-0,4-1,0-2,0-0,0-0,0-0,0-0,0-0,0-0,0-0,0-0,0-0,0-0,1-0,0-0,0-0,1-0,2-0,1-0,1-0,0-0,1-1,0-2,0-0,0-0,1-0,0-0,0-0,0-0,0-0,0-1,0-0,0-0,1-0,0-0,0-0,0-0,0-0,0-0,0-3,1-0,0-0,0-0,0-0,0-0,0-0,0-0,0-0,0-0,2-1,0-0,0-0,0-0,0-0,0-0,0-0,0-0,0-0,0-0,0-0,0-0,0-0,1-0,0-0,0-0,1-0,N/A,0-0,0-0,0-0,0-0,,

Zain,0-0,1-0,0-0,1-0,0-0,0-0,0-0,0-0,0-0,0-0,0-0,0-0,0-0,0-0,0-0,1-0,0-0,0-0,0-0,0-0,0-0,0-0,0-0,0-0,0-0,0-0,0-0,0-0,1-0,1-0,2-0,2-1,0-0,0-0,0-0,0-0,0-0,0-0,0-0,0-0,0-0,0-0,2-0,0-0,0-0,0-0,0-0,0-0,0-0,0-0,0-0,1-3,0-0,0-0,0-0,0-0,0-0,0-0,0-0,1-0,0-0,0-0,0-0,0-0,0-0,0-0,0-0,0-0,1-0,1-0,0-0,0-0,0-0,0-0,0-0,0-0,0-0,0-0,1-0,0-0,0-0,0-0,0-0,0-0,0-0,0-0,1-0,0-0,0-0,0-0,0-0,0-0,0-0,0-0,0-0,0-0,N/A,1-0,0-0,0-0,,

Zamu,0-0,0-1,0-0,0-0,0-0,0-0,0-1,0-0,1-1,0-0,1-0,0-0,0-0,0-0,0-0,0-0,0-0,1-0,0-0,0-0,0-0,0-0,0-0,0-0,0-0,0-0,0-1,0-0,1-0,0-0,0-1,0-0,0-0,0-0,2-0,0-0,0-0,0-0,0-0,0-0,0-0,0-0,0-0,0-0,0-0,0-0,0-1,1-0,0-0,0-0,1-1,0-0,0-0,2-1,0-0,2-0,0-0,0-1,2-0,0-0,0-0,0-0,0-0,0-0,0-0,0-0,0-0,0-0,0-0,0-1,0-1,0-1,0-0,0-0,0-0,0-1,0-0,0-0,0-1,0-0,0-0,0-0,0-0,0-0,0-1,0-0,0-0,0-0,0-0,0-0,1-1,0-0,1-1,1-0,0-0,0-0,0-1,N/A,0-0,0-0,,

Zealot,0-0,0-0,0-0,0-0,0-0,0-0,0-1,0-0,0-0,0-0,1-0,0-0,0-0,0-0,0-0,0-0,0-0,0-0,0-0,0-0,0-0,1-0,0-0,0-0,0-0,0-0,0-0,0-0,0-0,0-1,0-0,0-0,0-0,0-0,0-0,0-0,0-0,0-0,0-0,0-0,0-0,0-0,0-0,0-0,0-0,0-0,0-0,0-0,0-0,0-0,0-0,0-0,0-0,0-0,0-0,0-0,0-0,0-0,0-0,0-0,0-0,0-0,0-0,0-0,0-0,0-0,0-0,0-0,0-0,0-0,0-0,0-0,0-0,0-0,0-0,0-0,0-0,0-0,0-1,0-1,0-0,1-0,0-0,1-0,1-0,0-0,0-0,0-0,0-0,0-0,0-0,0-0,0-0,0-0,0-0,0-0,0-0,0-0,N/A,0-0,,

Zuppy,0-0,0-0,0-0,0-0,0-0,0-0,0-0,0-0,0-0,0-0,0-0,0-0,0-0,0-0,0-0,0-0,1-0,0-0,0-0,0-0,0-0,0-0,0-0,0-0,0-0,0-0,0-0,0-0,0-0,0-0,0-0,0-0,0-0,0-0,0-0,0-0,0-0,0-0,0-0,0-0,0-0,0-0,0-0,0-0,0-0,0-0,0-0,0-0,0-0,0-0,0-0,0-0,0-0,0-0,0-0,0-0,0-0,0-0,0-0,0-3,0-0,0-0,0-0,0-0,0-0,0-0,0-0,0-0,0-0,0-0,0-0,0-0,0-0,0-0,0-0,0-0,0-0,0-0,0-0,0-0,0-0,0-0,0-0,0-0,0-0,0-0,0-0,0-0,0-0,0-0,0-0,0-0,0-0,0-0,0-0,0-0,0-0,0-0,0-0,N/A,Soonsay,

